location,month,Chloride,Phosphorus,Specific conductance,Sulfate,Total dissolved solids,pH
baton_rouge,2010-01-01,1340.34,0.153,3797.0,28.6,170.0,7.95
baton_rouge,2010-02-01,18.6,0.168,324.5,31.9,186.5,8.0
baton_rouge,2010-03-01,24.799999999999997,0.125,405.25,39.0,240.75,8.0
baton_rouge,2010-04-01,21.299999999999997,0.13225,387.5,37.900000000000006,221.25,7.975
baton_rouge,2010-05-01,18.6,0.14775,390.0,41.0,228.0,7.95
baton_rouge,2010-06-01,20.1,0.159,427.0,40.7,242.0,8.0
baton_rouge,2010-08-01,18.8,0.241,428.5,43.1,248.5,8.149999999999999
baton_rouge,2010-10-01,1168.8,0.16,3669.25,58.6,278.0,8.05
baton_rouge,2010-12-01,24.7,0.1555,490.0,69.1,298.0,8.05
baton_rouge,2011-01-01,1167.75,0.1225,3555.3333333333335,49.8,260.5,8.05
baton_rouge,2011-02-01,58.84142857142857,0.1045,508.14285714285717,51.7,278.0,8.2
baton_rouge,2011-03-01,59.199999999999996,0.22675,485.8333333333333,37.4,216.75,8.0
baton_rouge,2011-04-01,20.6,0.1165,357.0,39.349999999999994,208.0,7.95
baton_rouge,2011-05-01,12.850000000000001,0.10775,282.25,31.1,164.25,7.8
baton_rouge,2011-06-01,15.4,0.1295,379.5,47.0,221.5,7.925
baton_rouge,2011-08-01,17.1,0.1465,517.5,86.6,313.5,8.1
baton_rouge,2011-09-01,2500.0,,7270.0,,,
baton_rouge,2011-10-01,24.9,0.121,550.0,91.9,336.0,8.149999999999999
baton_rouge,2011-11-01,350.1175,,1338.0,,,
baton_rouge,2011-12-01,662.2412499999999,0.187,2061.25,46.3,229.0,8.0
baton_rouge,2012-01-01,14.0,0.1185,313.0,34.2,188.0,8.0
baton_rouge,2012-02-01,15.8,0.1635,303.0,35.0,175.5,7.9
baton_rouge,2012-03-01,55.1,0.12525,473.5,41.4,204.25,7.975
baton_rouge,2012-04-01,20.966666666666665,0.12083333333333333,371.0,38.699999999999996,218.0,7.95
baton_rouge,2012-05-01,38.9,0.159,470.0,55.0,286.0,7.966666666666666
baton_rouge,2012-06-01,187.85228571428573,0.133,1035.242857142857,28.3945,265.5,8.534285714285714
baton_rouge,2012-08-01,20.6,0.1445,484.75,63.4,284.0,7.975
baton_rouge,2012-10-01,14.175,0.18166666666666664,348.59999999999997,42.15,229.33333333333334,7.7299999999999995
baton_rouge,2012-11-01,15.9,0.236,277.0,19.2,178.0,7.82
baton_rouge,2012-12-01,437.18333333333334,0.09733333333333334,1838.0090909090907,49.9,231.0,7.986666666666667
baton_rouge,2013-01-01,1421.3366666666668,0.16766666666666666,4398.694117647059,26.4,172.33333333333334,7.756666666666667
baton_rouge,2013-02-01,44.65,0.16733333333333333,461.9689655172414,33.3,168.0,7.87
baton_rouge,2013-03-01,17.383333333333333,0.135,303.58000000000004,31.366666666666664,173.4,7.839999999999999
baton_rouge,2013-04-01,19.133333333333333,0.15224,330.18,31.666666666666668,181.4,7.822
baton_rouge,2013-05-01,12.866666666666667,0.16999999999999998,283.02,24.0,166.0,7.836
baton_rouge,2013-06-01,14.523333333333333,0.1988,305.36,22.233333333333334,175.0,7.558
baton_rouge,2013-07-01,17.35,0.21233333333333335,324.73333333333335,25.05,188.33333333333334,7.68
baton_rouge,2013-08-01,24.2,0.20833333333333334,372.90000000000003,29.4,225.66666666666666,7.886666666666667
baton_rouge,2013-09-01,23.4,0.0853,297.8,15.9,205.0,7.52
baton_rouge,2013-11-01,22.8,0.1375,430.5,63.5,261.0,8.1
baton_rouge,2013-12-01,676.095,0.21000000000000002,2172.26,24.52,216.66666666666666,8.2
baton_rouge,2014-01-01,9.58,0.1715,300.5,30.0,161.5,7.85
baton_rouge,2014-02-01,14.41,0.20350000000000001,322.25,33.9,197.5,7.95
baton_rouge,2014-03-01,25.0,0.18724999999999997,417.6333333333334,36.85,200.25,7.891666666666667
baton_rouge,2014-04-01,21.75,0.189,297.4166666666667,33.1,189.25,7.728333333333333
baton_rouge,2014-05-01,20.35,0.16775,312.3,38.35,204.75,7.635000000000001
baton_rouge,2014-06-01,19.4,0.17525,342.3666666666666,36.8,197.25,7.8500000000000005
baton_rouge,2014-07-01,19.5,0.221,366.84999999999997,32.9,232.5,7.793333333333333
baton_rouge,2014-08-01,27.6,0.1735,340.8333333333333,55.2,280.5,7.864999999999999
baton_rouge,2014-09-01,,,180.625,,,7.2625
baton_rouge,2014-10-01,40.7,0.223,398.45,61.1,281.5,7.626666666666668
baton_rouge,2014-11-01,600.0215384615384,,1955.7472727272727,10.7,217.5,7.9319999999999995
baton_rouge,2014-12-01,22.4,0.097,326.26666666666665,68.1,264.5,7.656666666666666
baton_rouge,2015-01-01,19.5,0.133,256.76666666666665,38.3,211.5,7.395
baton_rouge,2015-02-01,23.8,,330.56666666666666,51.3,258.0,7.77
baton_rouge,2015-03-01,19.6,0.15075000000000002,332.6,32.7,172.75,7.70875
baton_rouge,2015-04-01,18.45,0.133,270.45,32.25,172.0,7.56375
baton_rouge,2015-05-01,20.1,0.135,340.75,34.9,195.5,7.8
baton_rouge,2015-06-01,25.95,0.277,385.75,36.75,214.75,7.85
baton_rouge,2015-07-01,21.7,0.1585,369.0,32.8,209.5,7.8
baton_rouge,2015-08-01,14.7,0.183,350.0,28.3,204.5,7.8
baton_rouge,2015-10-01,20.7,0.187,463.0,48.1,266.0,8.100000000000001
baton_rouge,2015-11-01,55.75692307692308,,532.4230769230769,,,
baton_rouge,2015-12-01,1054.0049999999999,0.22649999999999998,3587.0,18.566666666666666,296.8333333333333,8.25
baton_rouge,2016-01-01,12.5,0.1535,266.5,23.9,153.0,7.800000000000001
baton_rouge,2016-02-01,16.3,0.1305,324.0,30.9,187.0,8.1
baton_rouge,2016-03-01,18.700000000000003,0.1245,317.75,31.65,180.75,8.05
baton_rouge,2016-04-01,1264.4666666666667,0.137,4120.833333333333,30.3,190.75,7.85
baton_rouge,2016-05-01,22.95,0.16749999999999998,403.75,42.400000000000006,232.5,7.95
baton_rouge,2016-06-01,24.45,0.17450000000000002,428.5,44.7,253.0,7.975
baton_rouge,2016-07-01,23.4,0.1,437.5,48.9,244.0,8.25
baton_rouge,2016-08-01,20.9,0.1885,374.5,36.1,219.5,8.1
baton_rouge,2016-10-01,19.200000000000003,0.22999999999999998,392.5,30.549999999999997,231.66666666666666,8.133333333333333
baton_rouge,2016-11-01,25.7,0.23,316.7,22.4,215.0,7.97
baton_rouge,2016-12-01,16.45,0.255,402.5333333333333,38.15,242.33333333333334,8.3
baton_rouge,2017-01-01,16.55,0.155,323.1333333333333,30.85,209.0,7.746666666666667
baton_rouge,2017-02-01,17.45,0.1,355.40000000000003,31.15,218.33333333333334,7.533333333333334
baton_rouge,2017-03-01,165.6342857142857,0.61,810.2333333333333,21.7,115.0,6.985
baton_rouge,2017-04-01,8.5,0.3,200.7,14.0,105.0,7.4
baton_rouge,2017-05-01,54.02933333333333,0.23,487.5346153846154,13.3,70.0,7.7
baton_rouge,2017-06-01,4.785,0.3,314.59999999999997,7.826,100.0,8.152
baton_rouge,2017-07-01,3319.1,0.32,9326.65,13.7,135.0,7.35
baton_rouge,2017-08-01,13.5,0.28,314.2,28.8,190.0,7.5
baton_rouge,2017-09-01,8.5,,340.2,17.8,145.0,7.75
baton_rouge,2017-10-01,39.3,0.24,486.3,16.0,110.0,7.85
baton_rouge,2017-11-01,8.9,0.088,364.1,3.8,60.0,7.6
baton_rouge,2017-12-01,17.4,,378.8,11.3,85.0,7.85
baton_rouge,2018-01-01,10.0,0.39,171.9,10.0,145.0,7.4
baton_rouge,2018-02-01,26.4,0.086,360.7,18.0,240.0,7.4
baton_rouge,2018-03-01,4.4,0.3,89.3,1.0,35.0,6.9
baton_rouge,2018-04-01,47.9,0.23,472.8,24.3,250.0,7.6
baton_rouge,2018-05-01,25.4,0.17,341.45,13.0,195.0,7.6
baton_rouge,2018-06-01,7.2,0.42,125.9,9.4,110.0,7.0
baton_rouge,2018-07-01,8.3,0.15,135.5,9.2,90.0,7.7
baton_rouge,2018-08-01,783.5225,0.11,2553.5499999999997,4.8,125.0,7.8
baton_rouge,2018-09-01,7.7,0.23,162.7,6.9,150.0,7.6
baton_rouge,2018-11-01,,,384.0,,,7.7
baton_rouge,2019-03-01,,,282.0,,,7.8
baton_rouge,2019-04-01,,,330.0,,,7.6
baton_rouge,2019-10-01,8.2,0.13,200.5,18.0,88.0,8.4
baton_rouge,2019-11-01,70.84285714285714,0.13,553.9428571428572,23.0,130.0,7.9
baton_rouge,2019-12-01,211.28,0.35,1335.6000000000001,7.1,34.0,7.0
baton_rouge,2020-01-01,8.9,0.27,235.2,22.0,110.0,7.2
baton_rouge,2020-02-01,7.2,0.12,182.1,18.0,160.0,7.4
baton_rouge,2020-03-01,12.0,0.11,260.8,23.0,110.0,7.6
baton_rouge,2020-04-01,14.0,0.28,300.9,15.0,150.0,8.7
baton_rouge,2020-05-01,5.7,0.35,151.4,16.0,140.0,9.1
baton_rouge,2020-06-01,8.0,0.31,202.0,12.0,150.0,8.7
baton_rouge,2020-07-01,3.6,0.21,150.1,12.0,100.0,8.3
baton_rouge,2020-08-01,8.7,0.34,209.9,16.0,180.0,7.8
baton_rouge,2020-09-01,7.6,0.33,190.4,14.0,170.0,7.9
baton_rouge,2020-10-01,,,398.0,,,7.7
baton_rouge,2020-11-01,96.72214285714286,,666.5714285714286,,,
baton_rouge,2020-12-01,2938.4739999999997,,8313.3,,,
columbus,2012-04-01,81.0,0.019,,62.6,627.5,7.13
columbus,2012-11-01,78.3,0.022,,60.9,641.0,6.96
columbus,2013-04-01,77.2,0.023,,61.9,621.0,7.0
columbus,2013-10-01,82.6,,,69.8,660.0,7.13
columbus,2014-04-01,70.2,0.018,,63.2,623.0,6.99
columbus,2014-05-01,144.0,2.12,1082.0,,636.0,7.29
columbus,2014-10-01,77.4,,,61.6,640.0,6.55
columbus,2015-02-01,,,1466.0,,,7.67
columbus,2015-08-01,116.53333333333335,0.3605,993.525,161.46666666666667,641.3333333333334,7.884
columbus,2015-09-01,51.71666666666667,0.124,,105.15714285714286,,
columbus,2019-11-01,115.0,,893.3333333333334,,556.0,7.56
columbus,2021-06-01,66.7,,591.7142857142857,72.7,417.2,8.02111111111111
columbus,2021-07-01,45.775,,517.35,58.5,342.0,8.23625
columbus,2021-08-01,58.42222222222222,,571.9615384615385,73.72222222222223,393.1111111111111,7.974705882352941
columbus,2021-09-01,56.0,,569.0,83.15,383.0,7.805
columbus,2021-10-01,,,761.0,,,7.9
des_moines,2011-01-01,23.5,,,50.0,495.0,8.149999999999999
des_moines,2011-02-01,64.0,,,57.0,480.0,7.475
des_moines,2011-03-01,92.0,,,24.5,355.0,7.581818181818182
des_moines,2011-04-01,51.166666666666664,,,43.0,345.0,7.783333333333334
des_moines,2011-05-01,61.32142857142857,,,32.5,385.0,7.7970588235294125
des_moines,2011-06-01,66.75,,,31.0,405.0,8.283333333333333
des_moines,2011-07-01,21.0,,,22.0,405.0,8.466666666666667
des_moines,2011-08-01,83.81818181818181,,,44.5,360.0,7.945454545454546
des_moines,2011-09-01,27.0,,,54.5,380.0,7.74
des_moines,2011-10-01,66.4375,,,65.0,415.0,7.361290322580645
des_moines,2011-11-01,73.25,,,68.5,415.0,7.625
des_moines,2011-12-01,73.83333333333333,,,65.5,415.0,7.466666666666666
des_moines,2012-01-01,34.0,,,63.0,410.0,8.4
des_moines,2012-02-01,38.0,,,65.5,420.0,8.25
des_moines,2012-03-01,34.5,,,58.5,435.0,8.45
des_moines,2012-04-01,28.5,,,46.0,355.0,8.4
des_moines,2012-05-01,25.5,,,39.5,385.0,8.4
des_moines,2012-06-01,23.5,,,47.5,400.0,8.25
des_moines,2012-07-01,22.5,,,49.5,370.0,8.3
des_moines,2012-08-01,40.0,0.381,,66.5,420.0,7.65
des_moines,2012-09-01,65.0,,,80.5,450.0,8.15
des_moines,2012-10-01,51.0,,,80.5,425.0,8.7
des_moines,2012-11-01,65.0,,,83.0,470.0,8.0
des_moines,2012-12-01,63.5,,,87.5,480.0,7.85
des_moines,2013-01-01,78.5,,,86.5,540.0,7.55
des_moines,2013-02-01,83.5,,,87.0,535.0,7.8
des_moines,2013-03-01,26.0,,,39.5,285.0,8.100000000000001
des_moines,2013-04-01,29.5,,,49.0,320.0,7.7
des_moines,2013-05-01,31.0,,,42.5,435.0,8.05
des_moines,2013-06-01,20.5,,,25.5,370.0,7.95
des_moines,2013-07-01,25.5,,,35.5,435.0,8.1
des_moines,2013-08-01,37.0,,,71.0,385.0,8.3
des_moines,2013-09-01,106.0,,,116.0,610.0,7.949999999999999
des_moines,2013-10-01,62.5,,,96.5,475.0,7.949999999999999
des_moines,2013-11-01,59.0,,,91.5,465.0,8.2
des_moines,2013-12-01,72.5,,,97.5,500.0,8.45
des_moines,2014-01-01,99.0,,,120.0,655.0,7.6
des_moines,2014-02-01,112.0,,,125.0,680.0,7.9
des_moines,2014-03-01,116.5,,,103.0,655.0,7.800000000000001
des_moines,2014-04-01,37.0,,,48.5,310.0,8.05
des_moines,2014-05-01,42.5,,,57.5,365.0,7.75
des_moines,2014-06-01,34.5,,,52.0,360.0,8.0
des_moines,2014-07-01,12.0,,,17.45,275.0,7.6
des_moines,2014-08-01,30.0,,,55.5,405.0,7.949999999999999
des_moines,2014-09-01,22.0,,,42.5,385.0,8.1
des_moines,2014-10-01,,,,,490.0,8.3
des_moines,2014-11-01,43.0,,,,520.0,8.2
des_moines,2014-12-01,,,,,530.0,8.4
des_moines,2015-01-01,,,,,560.0,8.0
des_moines,2015-02-01,31.0,,,32.0,540.0,8.3
des_moines,2015-03-01,40.0,,,46.0,530.0,8.1
des_moines,2015-04-01,30.0,,,33.0,410.0,7.5
des_moines,2015-05-01,26.0,,,23.0,450.0,8.3
des_moines,2015-06-01,23.0,,,20.0,490.0,8.4
des_moines,2015-07-01,19.0,,,18.0,500.0,8.2
des_moines,2015-08-01,20.0,,,22.0,480.0,8.3
des_moines,2015-09-01,12.0,,,13.0,360.0,8.0
des_moines,2015-10-01,20.0,,,21.0,490.0,8.2
des_moines,2015-11-01,28.0,,,30.0,470.0,8.4
des_moines,2015-12-01,20.0,,,22.0,490.0,8.3
des_moines,2016-01-01,20.0,,,20.0,460.0,8.2
des_moines,2016-02-01,25.0,,,28.0,460.0,8.3
des_moines,2016-03-01,20.0,,,24.0,460.0,8.4
des_moines,2016-04-01,21.0,,,21.0,400.0,8.4
des_moines,2016-05-01,21.0,,,18.0,460.0,8.3
des_moines,2016-06-01,22.0,,,18.0,500.0,8.3
des_moines,2016-07-01,32.0,,,38.0,360.0,8.15
des_moines,2016-08-01,22.0,,,28.0,440.0,8.3
des_moines,2016-09-01,37.0,,,54.0,440.0,8.4
des_moines,2016-10-01,19.0,,,23.0,480.0,
des_moines,2016-11-01,26.0,,,30.0,460.0,8.4
des_moines,2016-12-01,23.0,,,25.0,490.0,8.4
des_moines,2017-01-01,24.0,,,9.9,270.0,7.9
des_moines,2017-02-01,21.0,,,28.0,490.0,8.2
des_moines,2017-03-01,23.0,,,21.0,470.0,8.3
des_moines,2017-04-01,21.0,,,19.0,500.0,8.4
des_moines,2017-05-01,56.833333333333336,,,12.0,470.0,8.442857142857143
des_moines,2017-06-01,53.111111111111114,,,33.0,450.0,8.25
des_moines,2017-07-01,54.8,,,33.0,470.0,8.07
des_moines,2017-08-01,60.4,,,160.0,620.0,7.9
des_moines,2017-09-01,66.0,,,250.0,830.0,7.7714285714285705
des_moines,2017-10-01,45.666666666666664,,,24.0,300.0,7.438888888888889
des_moines,2017-11-01,58.523809523809526,,,56.0,460.0,7.1571428571428575
des_moines,2017-12-01,70.4,,,72.0,510.0,7.026666666666667
des_moines,2018-01-01,277.0,,,140.0,710.0,6.75
des_moines,2018-02-01,395.75,,,110.0,680.0,6.625
des_moines,2018-03-01,211.26666666666668,,,34.0,420.0,6.953333333333333
des_moines,2018-04-01,138.27777777777777,,,33.0,440.0,7.5166666666666675
des_moines,2018-05-01,74.44444444444444,,,21.0,420.0,8.166666666666666
des_moines,2018-06-01,58.85,,438.0,12.0,297.5,8.176190476190476
des_moines,2018-07-01,59.1764705882353,,358.0,19.0,331.5,8.466666666666667
des_moines,2018-08-01,57.85,,,39.0,360.0,8.109523809523811
des_moines,2018-09-01,47.8,,318.0,19.0,313.5,8.161904761904761
des_moines,2018-10-01,66.36333333333333,,,42.895,430.0,7.578723404255319
des_moines,2018-11-01,67.25,,,17.0,440.0,7.095833333333334
des_moines,2018-12-01,63.77777777777778,,,24.0,480.0,6.862962962962963
des_moines,2019-01-01,87.61538461538461,,,20.0,470.0,6.942857142857143
des_moines,2019-02-01,154.33333333333334,,,33.0,480.0,6.6000000000000005
des_moines,2019-03-01,171.8125,,,34.0,520.0,7.0375
des_moines,2019-04-01,117.0,,,23.0,430.0,7.7727272727272725
des_moines,2019-05-01,60.54545454545455,,,27.0,380.0,7.3931818181818185
des_moines,2019-06-01,69.87096774193549,,290.0,19.0,319.0,8.064516129032258
des_moines,2019-07-01,60.0,,,19.0,470.0,8.176666666666668
des_moines,2019-08-01,61.81818181818182,,291.0,38.0,285.0,7.811764705882354
des_moines,2019-09-01,61.857142857142854,,297.0,52.0,281.5,8.010344827586207
des_moines,2019-10-01,42.91111111111111,,,23.0,470.0,7.463414634146342
des_moines,2019-11-01,78.6,,,24.0,480.0,6.946666666666667
des_moines,2019-12-01,87.76,,,23.0,450.0,6.92
des_moines,2020-01-01,114.13333333333334,,,25.0,460.0,6.88
des_moines,2020-02-01,164.92857142857142,,,26.0,490.0,6.819999999999999
des_moines,2020-03-01,131.41176470588235,,,27.0,490.0,7.270588235294118
des_moines,2020-04-01,103.08333333333333,,,18.0,460.0,7.845833333333334
des_moines,2020-05-01,77.96428571428571,,,31.0,390.0,7.646428571428571
des_moines,2020-06-01,78.7741935483871,,399.0,21.0,360.0,7.95
des_moines,2020-07-01,72.41935483870968,,383.0,41.0,349.5,8.234375
des_moines,2020-08-01,75.45714285714286,,,140.0,630.0,7.925714285714285
des_moines,2020-09-01,64.25925925925925,,486.0,60.0,328.0,7.652727272727272
des_moines,2020-10-01,79.8,,,180.0,740.0,7.29
des_moines,2020-11-01,103.6,,,180.0,740.0,7.213333333333334
des_moines,2020-12-01,130.04166666666666,,,120.0,610.0,6.754166666666666
des_moines,2021-01-01,211.73333333333332,,,220.0,840.0,6.666666666666667
des_moines,2021-02-01,249.3846153846154,,,170.0,820.0,6.838461538461539
des_moines,2021-03-01,154.70967741935485,,,23.0,310.0,7.1
des_moines,2021-04-01,116.87096774193549,,,50.0,370.0,7.72258064516129
des_moines,2021-05-01,94.2156862745098,,,59.0,420.0,7.382352941176471
des_moines,2021-06-01,83.1470588235294,,543.0,42.0,416.5,8.033333333333333
des_moines,2021-07-01,95.85,,481.0,180.0,486.5,8.34736842105263
des_moines,2021-08-01,88.0,,,80.0,470.0,7.92
des_moines,2021-09-01,73.14583333333333,,364.0,140.0,373.0,7.66734693877551
des_moines,2021-10-01,92.2,,,480.0,1270.0,7.612
des_moines,2021-11-01,92.44444444444444,,,60.0,540.0,7.2942857142857145
des_moines,2021-12-01,114.41379310344827,,,48.0,500.0,7.086206896551724
houston_buffalo_bayou,2013-01-01,18.05263157894737,0.2826315789473684,268.42105263157896,15.473684210526315,,7.468421052631579
houston_buffalo_bayou,2013-02-01,62.608695652173914,0.696,647.5769230769231,28.652173913043477,,7.726923076923077
houston_buffalo_bayou,2013-03-01,111.42105263157895,0.8755555555555555,910.1176470588235,53.473684210526315,,7.582352941176471
houston_buffalo_bayou,2013-04-01,76.65,1.026842105263158,657.1739130434783,33.85,,7.608695652173913
houston_buffalo_bayou,2013-05-01,45.333333333333336,0.4185263157894737,138.1578947368421,26.333333333333332,,8.031578947368422
houston_buffalo_bayou,2013-06-01,49.10526315789474,0.4889473684210527,440.95,23.210526315789473,,7.529999999999999
houston_buffalo_bayou,2013-07-01,51.388888888888886,0.4677777777777778,460.36842105263156,27.38888888888889,,7.673684210526316
houston_buffalo_bayou,2013-08-01,108.68181818181819,0.8813043478260869,1135.44,38.5,,7.613636363636363
houston_buffalo_bayou,2013-10-01,51.1578947368421,0.5442105263157895,493.5263157894737,26.473684210526315,,7.542105263157896
houston_buffalo_bayou,2013-11-01,58.68181818181818,0.6113636363636363,568.3846153846154,33.27272727272727,,7.6
houston_buffalo_bayou,2014-01-01,64.05,0.607,1979.6521739130435,30.75,,7.495652173913044
houston_buffalo_bayou,2014-02-01,58.61904761904762,0.7975000000000001,525.8571428571429,29.333333333333332,,7.561904761904763
houston_buffalo_bayou,2014-03-01,28.789473684210527,0.31526315789473686,402.7,18.94736842105263,,7.57
houston_buffalo_bayou,2014-04-01,116.0,1.0736842105263158,1740.0454545454545,47.4,,7.586363636363637
houston_buffalo_bayou,2014-05-01,118.5,,647.0,46.0,,7.866666666666667
houston_buffalo_bayou,2014-06-01,30.50909090909091,0.18473684210526314,428.32,29.364285714285717,292.1666666666667,7.468
houston_buffalo_bayou,2014-07-01,34.3,0.3725,388.2173913043478,19.95,,7.452173913043478
houston_buffalo_bayou,2014-08-01,44.666666666666664,0.5868421052631579,439.9047619047619,19.88888888888889,,7.590476190476191
houston_buffalo_bayou,2014-09-01,,,100.0,,,7.7
houston_buffalo_bayou,2014-10-01,89.35,0.9215,709.8181818181819,36.2,,7.695454545454544
houston_buffalo_bayou,2014-11-01,60.61904761904762,1.0663157894736843,509.4782608695652,27.045454545454547,,7.708695652173914
houston_buffalo_bayou,2014-12-01,,,133.0,,,7.5
houston_buffalo_bayou,2015-01-01,44.05263157894737,0.4447368421052631,576.25,28.36842105263158,,7.67
houston_buffalo_bayou,2015-02-01,104.91304347826087,1.2617391304347827,1085.32,45.43478260869565,,7.8
houston_buffalo_bayou,2015-03-01,56.8421052631579,0.5405,549.8095238095239,29.473684210526315,,7.566666666666667
houston_buffalo_bayou,2015-04-01,50.73684210526316,0.7257142857142858,475.6363636363636,28.57894736842105,,7.6863636363636365
houston_buffalo_bayou,2015-05-01,18.0,0.3675,159.33333333333334,12.333333333333334,,7.7
houston_buffalo_bayou,2015-06-01,35.3,0.3155,424.54545454545456,38.833333333333336,,7.331818181818181
houston_buffalo_bayou,2015-07-01,55.665217391304346,0.5911111111111111,557.3928571428571,30.695238095238096,296.5,7.703571428571428
houston_buffalo_bayou,2015-08-01,59.65909090909091,0.7713636363636364,509.8181818181818,26.718181818181815,,7.618181818181818
houston_buffalo_bayou,2015-10-01,71.21052631578948,0.6285000000000001,560.5909090909091,39.86666666666667,,7.5590909090909095
houston_buffalo_bayou,2015-11-01,28.736363636363638,0.2887826086956522,376.30434782608694,22.66722222222222,,7.57391304347826
houston_buffalo_bayou,2015-12-01,,,141.0,,,7.5
houston_buffalo_bayou,2016-01-01,48.388888888888886,0.5026315789473684,508.8421052631579,25.68421052631579,,7.610526315789474
houston_buffalo_bayou,2016-02-01,66.77272727272727,0.868,663.8695652173913,34.36363636363637,,7.673913043478261
houston_buffalo_bayou,2016-03-01,35.31578947368421,0.2931578947368421,553.1666666666666,26.266666666666666,,7.641666666666667
houston_buffalo_bayou,2016-04-01,44.61538461538461,0.6315384615384615,442.35714285714283,25.153846153846153,,7.664285714285714
houston_buffalo_bayou,2016-05-01,39.5,0.1974,273.42857142857144,26.0,,7.378571428571428
houston_buffalo_bayou,2016-06-01,23.68421052631579,0.209,322.04545454545456,26.5,,7.545454545454546
houston_buffalo_bayou,2016-07-01,65.94736842105263,0.41105263157894734,622.2105263157895,31.263157894736842,,7.468421052631579
houston_buffalo_bayou,2016-08-01,59.08695652173913,0.41391304347826086,1203.0384615384614,26.90909090909091,,7.4653846153846155
houston_buffalo_bayou,2016-09-01,,,629.0,,,7.7
houston_buffalo_bayou,2016-10-01,91.42105263157895,0.9736842105263158,774.8947368421053,39.73684210526316,,7.7631578947368425
houston_buffalo_bayou,2016-11-01,52.68260869565218,0.6354166666666666,956.3571428571429,23.426086956521736,,7.439285714285715
houston_buffalo_bayou,2017-01-01,29.331578947368417,0.3382857142857143,280.68,15.7995,,7.4479999999999995
houston_buffalo_bayou,2017-02-01,64.95454545454545,0.6645454545454546,629.8695652173913,37.88636363636363,,7.595652173913043
houston_buffalo_bayou,2017-03-01,64.73684210526316,0.6668421052631579,613.1,34.78947368421053,,7.542105263157896
houston_buffalo_bayou,2017-04-01,76.17999999999999,0.76885,647.2608695652174,36.25,,7.660869565217391
houston_buffalo_bayou,2017-05-01,96.86666666666667,1.2833333333333334,775.3333333333334,53.9,,8.333333333333334
houston_buffalo_bayou,2017-06-01,79.89473684210526,0.5372222222222223,711.15,40.421052631578945,,7.67
houston_buffalo_bayou,2017-07-01,43.635000000000005,0.51115,436.4166666666667,25.54,,7.5625
houston_buffalo_bayou,2017-08-01,43.695454545454545,0.48000000000000004,539.9565217391304,24.222727272727273,,7.6695652173913045
houston_buffalo_bayou,2017-10-01,56.8421052631579,0.431578947368421,533.421052631579,27.57894736842105,,7.415789473684211
houston_buffalo_bayou,2017-11-01,111.1875,0.9674999999999999,1845.967741935484,40.92916666666667,,7.6571428571428575
houston_buffalo_bayou,2018-01-01,39.388888888888886,0.4884210526315789,370.5263157894737,18.842105263157894,,7.694736842105263
houston_buffalo_bayou,2018-02-01,39.755,0.4805,970.0434782608696,22.625,,7.469565217391305
houston_buffalo_bayou,2018-03-01,57.11,0.5165217391304348,484.3333333333333,25.51304347826087,,7.75
houston_buffalo_bayou,2018-04-01,48.473684210526315,0.45736842105263154,523.9,26.57894736842105,,7.42
houston_buffalo_bayou,2018-06-01,58.73913043478261,0.5829166666666666,503.5625,25.833333333333332,,7.6625
houston_buffalo_bayou,2018-07-01,36.73684210526316,0.3168421052631579,399.55,19.05263157894737,,7.55
houston_buffalo_bayou,2018-08-01,73.43478260869566,0.802608695652174,700.8148148148148,31.17391304347826,,7.733333333333333
houston_buffalo_bayou,2018-09-01,,,209.0,,,7.4
houston_buffalo_bayou,2018-10-01,37.526315789473685,0.5368421052631579,406.57894736842104,20.736842105263158,,7.531578947368421
houston_buffalo_bayou,2018-11-01,42.30434782608695,0.5230434782608696,447.69565217391306,23.652173913043477,,7.482608695652174
houston_buffalo_bayou,2018-12-01,,,42.0,,,7.3
houston_buffalo_bayou,2019-01-01,43.578947368421055,0.4489473684210526,489.0,25.57894736842105,,7.5473684210526315
houston_buffalo_bayou,2019-02-01,62.416666666666664,0.7695833333333333,744.2424242424242,30.083333333333332,,7.496969696969697
houston_buffalo_bayou,2019-03-01,88.21052631578948,0.8036842105263158,811.2631578947369,46.10526315789474,,7.483333333333333
houston_buffalo_bayou,2019-04-01,35.75,0.49,396.125,18.625,,7.25
houston_buffalo_bayou,2019-05-01,86.27272727272727,0.8754545454545455,801.5833333333334,47.63636363636363,,7.7
houston_buffalo_bayou,2019-06-01,61.75,0.5375,533.6190476190476,27.5625,,7.633333333333333
houston_buffalo_bayou,2019-07-01,92.53846153846153,0.8757692307692307,973.6896551724138,38.73076923076923,,7.755172413793104
houston_buffalo_bayou,2019-08-01,66.14285714285714,0.7942857142857143,544.0666666666667,28.047619047619047,,7.676666666666667
houston_buffalo_bayou,2019-09-01,,,134.5,,,7.95
houston_buffalo_bayou,2019-10-01,50.81818181818182,0.6027272727272727,469.6363636363636,23.181818181818183,,7.763636363636365
houston_buffalo_bayou,2019-11-01,,1.128,529.2857142857143,23.0,,7.742857142857143
houston_buffalo_bayou,2019-12-01,101.57142857142857,1.26,790.4285714285714,38.285714285714285,,7.585714285714286
houston_buffalo_bayou,2020-01-01,38.0,0.76,284.5,20.0,,8.05
houston_buffalo_bayou,2020-03-01,106.0,1.552,800.9090909090909,48.0,,7.8090909090909095
houston_buffalo_bayou,2020-04-01,31.285714285714285,0.59,,18.142857142857142,,7.485714285714286
houston_buffalo_bayou,2020-05-01,58.916666666666664,0.6166666666666667,575.5833333333334,29.5,,7.583333333333333
houston_buffalo_bayou,2020-06-01,42.76923076923077,0.4507692307692308,412.9230769230769,25.666666666666668,,7.446153846153846
houston_buffalo_bayou,2020-07-01,47.36363636363637,0.29307692307692307,417.64285714285717,20.615384615384617,,7.571428571428571
houston_buffalo_bayou,2020-08-01,,,1040.0,,,7.6
houston_buffalo_bayou,2020-09-01,74.05555555555556,0.7388888888888889,579.9047619047619,28.27777777777778,,7.585714285714286
houston_buffalo_bayou,2020-11-01,121.36842105263158,1.308421052631579,866.0,46.68421052631579,,7.521052631578947
houston_buffalo_bayou,2020-12-01,64.25,0.855,388.375,32.75,,7.6
houston_buffalo_bayou,2021-02-01,59.0,0.095,688.0,52.5,,7.550000000000001
houston_buffalo_bayou,2021-03-01,79.52380952380952,0.9247619047619049,657.9166666666666,36.285714285714285,,7.654166666666666
houston_buffalo_bayou,2021-04-01,100.0,1.1963157894736842,855.4736842105264,46.63157894736842,,7.631578947368421
houston_buffalo_bayou,2021-05-01,21.133333333333333,0.29333333333333333,303.9375,14.466666666666667,,7.623529411764705
houston_buffalo_bayou,2021-06-01,17.31578947368421,0.22789473684210526,270.06666666666666,12.421052631578947,,7.16
houston_buffalo_bayou,2021-07-01,57.94736842105263,0.4063157894736842,677.3571428571429,30.789473684210527,,7.5285714285714285
houston_buffalo_bayou,2021-08-01,75.0,0.773,603.7142857142857,34.7,,7.728571428571429
houston_buffalo_bayou,2021-09-01,,,141.0,,,7.9
houston_buffalo_bayou,2021-10-01,71.0625,0.6775,541.0454545454545,28.5625,,7.485714285714285
houston_buffalo_bayou,2021-11-01,63.1625,0.802125,738.5,31.175,,7.675
houston_buffalo_bayou,2022-01-01,95.07692307692308,0.7638461538461538,656.7857142857143,43.53846153846154,,7.557142857142857
houston_buffalo_bayou,2022-02-01,115.0625,0.788125,1428.9444444444443,44.625,,7.383333333333334
houston_buffalo_bayou,2022-03-01,72.78947368421052,0.7247368421052631,606.7894736842105,33.21052631578947,,7.413636363636363
houston_buffalo_bayou,2022-04-01,109.88235294117646,1.2835294117647058,845.8823529411765,49.470588235294116,,7.504761904761905
houston_buffalo_bayou,2022-05-01,91.8125,0.891875,737.8695652173913,44.5625,,7.699999999999999
houston_buffalo_bayou,2022-06-01,,,,,,7.1000000000000005
houston_buffalo_bayou,2022-07-01,91.78947368421052,1.0094736842105263,716.7272727272727,38.0,,7.591666666666666
houston_buffalo_bayou,2022-08-01,,,,,,7.166666666666667
houston_buffalo_bayou,2022-09-01,104.8,0.48600000000000004,3782.777777777778,47.4,,7.216666666666666
houston_buffalo_bayou,2022-10-01,126.8,1.4631578947368422,741.9615384615385,56.333333333333336,,7.568181818181818
houston_buffalo_bayou,2022-11-01,32.46666666666667,0.3233333333333333,357.46666666666664,19.8,,7.2555555555555555
houston_buffalo_bayou,2022-12-01,39.25,0.1925,441.5,25.0,,7.6
houston_buffalo_bayou,2023-01-01,29.0,0.1825,383.14285714285717,19.5,,7.25
houston_buffalo_bayou,2023-02-01,62.8,0.6746666666666667,585.2666666666667,36.93333333333333,,7.433333333333334
houston_buffalo_bayou,2023-03-01,89.5,0.4175,860.0,54.75,,7.577777777777778
houston_buffalo_bayou,2023-04-01,38.21052631578947,0.5768421052631579,590.0909090909091,21.736842105263158,,7.392857142857143
houston_buffalo_bayou,2023-05-01,80.58333333333333,0.6366666666666667,706.6666666666666,44.833333333333336,,7.657894736842105
houston_buffalo_bayou,2023-06-01,52.857142857142854,0.8585714285714285,441.57142857142856,21.0,,7.418181818181818
houston_buffalo_bayou,2023-07-01,121.11111111111111,0.9149999999999999,875.1666666666666,50.611111111111114,,7.766666666666667
houston_buffalo_bayou,2023-08-01,130.75,1.4874999999999998,2536.125,56.0,,8.0
houston_buffalo_bayou,2023-09-01,,,,,,7.375
houston_buffalo_bayou,2023-10-01,89.15,0.882,931.8846153846154,41.45,,7.492857142857143
houston_buffalo_bayou,2023-11-01,154.25,2.065,8242.0,62.0,,7.688888888888889
houston_buffalo_bayou,2023-12-01,102.06666666666666,1.3419999999999999,752.8666666666667,49.2,,7.472222222222222
kansas_city,2010-01-01,110.5,0.1366666666666667,1020.0,96.3,595.6666666666666,7.833333333333333
kansas_city,2010-03-01,168.1,0.23249999999999998,991.0,,497.0,7.9
kansas_city,2010-04-01,48.9,0.246,760.0,69.0,449.0,7.601999999999999
kansas_city,2010-05-01,34.75,0.44500000000000006,509.6666666666667,,204.0,7.866666666666667
kansas_city,2010-06-01,,0.1908,1152.4615384615386,,,6.56923076923077
kansas_city,2010-07-01,47.0,0.33799999999999997,663.5,68.0,418.0,7.725
kansas_city,2010-08-01,,0.2109,561.3846153846154,,,7.8707692307692305
kansas_city,2010-09-01,11.0,0.9,185.0,,268.0,7.8
kansas_city,2010-10-01,71.95,0.21435714285714286,827.6875,130.0,570.0,7.259444444444444
kansas_city,2010-11-01,63.1,0.14500000000000002,698.0,,533.0,7.5
kansas_city,2010-12-01,103.0,,849.0,,,7.1
kansas_city,2011-01-01,157.0,0.1,1130.0,,637.0,7.2
kansas_city,2011-02-01,130.0,0.33666666666666667,896.6666666666666,54.7,557.0,7.3
kansas_city,2011-03-01,77.2,0.313,797.0,,,7.52
kansas_city,2011-04-01,71.25,0.09,790.5,,461.0,7.75
kansas_city,2011-05-01,80.0,0.28,780.0,94.0,,7.989999999999999
kansas_city,2011-06-01,12.025,0.48162499999999997,195.33333333333334,,134.5,8.142777777777777
kansas_city,2011-07-01,102.0,0.12699,,44.5,,7.954999999999999
kansas_city,2011-08-01,62.28111111111111,0.2763225,478.5,136.15,119.0,7.9372727272727275
kansas_city,2011-09-01,56.9,0.15,143.33333333333334,,487.0,7.745
kansas_city,2011-10-01,,0.59575,,,,8.254999999999999
kansas_city,2011-11-01,38.766666666666666,0.47000000000000003,418.4,83.0,169.0,7.8428571428571425
kansas_city,2011-12-01,56.8,0.1,782.0,,485.0,8.05
kansas_city,2012-01-01,68.0,0.08,841.0,,523.0,7.8
kansas_city,2012-02-01,56.5,0.30000000000000004,548.5,,253.0,7.75
kansas_city,2012-03-01,51.0,0.33,690.0,87.0,430.0,8.1
kansas_city,2012-04-01,,0.20126,,,,8.34
kansas_city,2012-05-01,68.2,0.08383846153846154,895.0,,568.0,8.225
kansas_city,2012-06-01,89.71333333333332,0.38380000000000003,355.0,47.32,321.0,7.825714285714286
kansas_city,2012-07-01,,0.08216363636363636,,,,8.042727272727273
kansas_city,2012-08-01,,0.2454,,,,7.913076923076924
kansas_city,2012-09-01,74.4,0.24333333333333332,705.3333333333334,93.05,486.5,7.533333333333334
kansas_city,2012-11-01,61.4,0.26958019999999994,851.0,95.5,529.0,7.9125
kansas_city,2012-12-01,120.0,0.31,1000.0,120.0,600.0,7.6
kansas_city,2013-01-01,83.3,0.5299999999999999,639.5,80.15,178.0,7.866666666666666
kansas_city,2013-02-01,86.6,0.060000000000000005,840.0,91.3,521.0,8.4
kansas_city,2013-03-01,280.0,0.05,1052.0,76.0,756.0,8.025
kansas_city,2013-04-01,75.0,0.27363333333333334,740.0,100.0,,8.520000000000001
kansas_city,2013-05-01,51.275000000000006,0.1289625,664.2,55.7,,7.8088235294117645
kansas_city,2013-06-01,48.725,0.2374,574.6,56.175,268.0,7.625
kansas_city,2013-07-01,74.925,0.1316090909090909,648.8571428571429,62.15,501.3333333333333,7.9173913043478255
kansas_city,2013-08-01,87.45,0.22635000000000002,719.0,94.075,602.5714285714286,7.902758620689656
kansas_city,2013-09-01,3.39,1.23,103.5,6.91,61.0,7.8
kansas_city,2013-10-01,110.0,0.32,816.0,110.0,,8.15
kansas_city,2013-11-01,24.3,0.313675,484.0,28.3,227.0,7.9125000000000005
kansas_city,2013-12-01,65.0,0.105,833.0,84.0,468.0,7.7
kansas_city,2014-01-01,223.0,0.065,1230.0,81.4,708.0,7.9
kansas_city,2014-02-01,110.0,0.44,990.0,120.0,,7.8
kansas_city,2014-04-01,79.3,0.2789285714285714,681.75,62.25,408.5,7.746
kansas_city,2014-05-01,46.0,0.20923076923076925,580.0,61.0,,7.950769230769231
kansas_city,2014-06-01,109.03333333333335,0.37376666666666664,,55.633333333333326,528.0,7.78
kansas_city,2014-07-01,94.10000000000001,0.12517499999999998,894.0,90.58571428571429,619.4285714285714,8.065263157894737
kansas_city,2014-08-01,56.06666666666666,0.41177142857142857,506.6666666666667,67.06666666666666,302.5,8.004000000000001
kansas_city,2014-09-01,,0.12670833333333334,,,,7.784166666666667
kansas_city,2014-10-01,11.3,0.40497500000000003,187.33333333333334,12.5,119.0,7.935
kansas_city,2014-11-01,80.2,0.20333333333333334,907.3333333333334,85.3,594.0,8.3
kansas_city,2015-02-01,110.0,0.07,960.0,81.3,544.0,8.1
kansas_city,2015-03-01,130.0,0.33,990.0,95.0,,7.9
kansas_city,2015-04-01,80.0,0.24832,829.0,65.4,506.0,8.1875
kansas_city,2015-05-01,50.1,0.14007142857142857,680.5,51.8,412.0,7.937692307692307
kansas_city,2015-06-01,20.4,0.16222666666666666,412.0,34.1,262.0,7.877142857142857
kansas_city,2015-07-01,12.2975,0.9400000000000001,233.75,16.2325,143.25,8.05
kansas_city,2015-08-01,87.01666666666667,0.15165238095238096,795.0,67.8,547.1666666666666,7.9512
kansas_city,2015-09-01,100.83333333333333,0.41447142857142855,742.7142857142857,89.55,606.2,7.718571428571429
kansas_city,2015-10-01,67.5,0.33664,874.0,89.7,547.0,8.17
kansas_city,2015-11-01,63.1,0.16,851.0,86.8,541.0,7.8
kansas_city,2015-12-01,54.0,0.4,590.0,59.0,,7.8
kansas_city,2016-01-01,107.5,0.15666666666666668,960.0,80.0,612.0,8.0
kansas_city,2016-03-01,72.5,0.07,788.5,73.4,444.0,7.9
kansas_city,2016-04-01,52.15,0.2119888,504.0,65.5,204.0,8.115
kansas_city,2016-05-01,57.3,0.12639242857142857,779.5,63.6,486.0,7.990769230769231
kansas_city,2016-06-01,67.9,0.145,844.0,81.5,525.0,7.8
kansas_city,2016-07-01,66.7,0.13651333333333332,766.0,81.65,472.0,8.393571428571429
kansas_city,2016-08-01,18.994000000000003,0.3118916666666667,298.5,24.113999999999997,184.0,8.157894736842104
kansas_city,2016-09-01,79.175,0.31478560000000005,789.5,53.449999999999996,447.0,8.025
kansas_city,2016-10-01,80.275,0.20033255555555557,713.6666666666666,82.25,551.8571428571429,7.9625
kansas_city,2016-11-01,,0.25735,,,,8.095
kansas_city,2016-12-01,72.1,0.125,912.0,100.0,452.0,7.2
kansas_city,2017-01-01,83.7,0.08,880.0,86.9,525.0,8.0
kansas_city,2017-02-01,102.0,0.08,939.0,92.6,559.0,8.1
kansas_city,2017-03-01,,0.39065000000000005,,,,7.79
kansas_city,2017-04-01,64.7,0.075,785.0,78.3,465.0,8.1
kansas_city,2017-05-01,23.836000000000002,1.126,350.1,24.296,195.6,8.175925918861672
kansas_city,2017-06-01,63.2,0.155,813.0,77.6,504.0,7.8
kansas_city,2017-07-01,18.586000000000002,0.7929999999999999,305.3,19.560000000000002,173.2,8.27200003051758
kansas_city,2017-08-01,21.6,0.296425,346.5,25.5,193.0,7.763749967416127
kansas_city,2017-09-01,51.5,0.16,771.6666666666666,68.3,466.0,7.65
kansas_city,2017-10-01,50.3,0.12873333333333334,680.5,46.95,376.5,8.033333206176756
kansas_city,2017-11-01,64.0,0.24509219999999998,852.5,79.9,541.0,7.955
kansas_city,2018-02-01,249.0,0.05,1200.0,51.4,654.0,7.9
kansas_city,2018-03-01,70.7,0.085,770.0,52.7,406.0,8.149999999999999
kansas_city,2018-04-01,84.5,0.065,827.5,77.2,485.0,8.379999999999999
kansas_city,2018-05-01,67.0,0.14500000000000002,780.0,63.9,431.0,8.15
kansas_city,2018-06-01,47.9,0.16999999999999998,852.25,111.65,536.0,7.566666666666666
kansas_city,2018-07-01,56.7,0.16999999999999998,720.0,73.4,456.0,7.6
kansas_city,2018-08-01,19.15,0.3375,315.25,26.799999999999997,187.0,7.9475
kansas_city,2018-09-01,84.0,0.22675,861.0,95.65,535.5,7.933333333333334
kansas_city,2018-10-01,44.5,0.11499999999999999,644.0,55.6,394.0,7.993333333333333
kansas_city,2018-11-01,162.0,0.09,1105.0,77.2,669.0,8.0
kansas_city,2018-12-01,110.85,0.46125000000000005,693.625,33.925000000000004,367.25,7.0
kansas_city,2019-02-01,105.0,0.05,902.0,70.5,542.0,8.0
kansas_city,2019-03-01,40.03333333333333,0.3466666666666667,381.3333333333333,22.0,230.66666666666666,
kansas_city,2019-04-01,80.4,0.07500000000000001,830.0,69.4,487.0,8.0
kansas_city,2019-05-01,33.725,0.42700000000000005,444.375,33.9,269.25,7.664615384615384
kansas_city,2019-06-01,43.1,0.14,657.0,53.9,408.0,7.8
kansas_city,2019-07-01,70.3,0.13,851.5,79.5,504.0,7.8904
kansas_city,2019-08-01,33.1,0.3225,421.75,33.05,256.5,7.6
kansas_city,2019-09-01,71.30000000000001,0.1725,751.5,74.35,445.0,7.833333333333333
kansas_city,2019-10-01,67.8,0.11,828.0,75.8,511.0,7.816666666666666
kansas_city,2019-11-01,81.7,0.11499999999999999,907.5,85.5,541.0,7.4
kansas_city,2020-06-01,79.8,0.13,890.5,85.5,513.0,7.5
kansas_city,2020-07-01,24.96,0.735,471.3333333333333,26.09,246.5,7.6
kansas_city,2020-08-01,78.4,0.13,883.0,84.7,547.0,7.1
kansas_city,2020-09-01,43.75,0.38749999999999996,539.25,44.8,284.0,7.8
kansas_city,2020-10-01,79.3,0.19,915.5,89.5,566.0,7.5
memphis,2011-01-01,25.425,0.18,,20.916666666666668,,7.453333333333333
memphis,2011-02-01,32.125,0.14636363636363636,,24.48888888888889,,7.34909090909091
memphis,2011-03-01,4.62,0.16571428571428573,,13.441666666666668,81.0,7.52
memphis,2011-04-01,4.644285714285714,0.24166666666666667,540.5,13.2075,331.0,6.99
memphis,2011-05-01,8.26,0.16999999999999998,287.0,14.6,148.16666666666666,7.628260869565217
memphis,2011-06-01,5.3,0.19657142857142856,263.0,15.881818181818181,103.0,7.303076923076923
memphis,2011-07-01,5.616666666666667,0.20784615384615385,,7.2,,8.893333333333333
memphis,2011-08-01,5.781818181818182,0.19046666666666667,124.375,6.042,76.25,6.375454545454545
memphis,2011-09-01,6.866666666666667,1.187642857142857,,9.216666666666667,61.0,
memphis,2011-10-01,9.625,0.22066666666666668,,10.4,,6.86
memphis,2011-11-01,8.3,0.22636363636363638,,11.066666666666668,,6.3740000000000006
memphis,2011-12-01,7.824999999999999,0.18380000000000002,,9.85,59.0,6.1386666666666665
memphis,2012-01-01,2.75,0.18923076923076923,,4.866666666666666,,7.40090909090909
memphis,2012-02-01,7.6,0.18999999999999997,,11.933333333333332,,9.633333333333333
memphis,2012-03-01,9.225,0.194,,13.275,61.0,7.751538461538461
memphis,2012-04-01,8.35,0.17266666666666666,,10.0,,7.525555555555556
memphis,2012-05-01,3.7,0.22412500000000002,,,,7.7225
memphis,2012-06-01,8.166666666666666,0.21046153846153848,,5.52,62.0,7.959166666666666
memphis,2012-07-01,5.4350000000000005,,119.0,7.890000000000001,75.5,6.075
memphis,2012-08-01,5.544,0.20333333333333334,132.0,5.046,81.5,6.992857142857143
memphis,2012-09-01,,0.12000000000000001,,9.9,115.0,7.205
memphis,2012-10-01,7.35,0.27,,8.649999999999999,,7.455
memphis,2012-12-01,31.400000000000002,0.238,,5.84,114.5,7.208
memphis,2013-02-01,5.8999999999999995,0.25,,10.200000000000001,,7.613333333333333
memphis,2013-03-01,,0.18,,3.85,79.5,7.05
memphis,2013-05-01,5.5,0.31,,7.1,,8.41
memphis,2013-06-01,4.5,0.19925,,7.325,94.0,7.7675
memphis,2013-07-01,,0.30666666666666664,,,,7.671666666666667
memphis,2013-08-01,6.874,0.26571428571428574,184.9375,8.417,121.58333333333333,6.602173913043478
memphis,2013-09-01,15.7175,0.188125,372.0,34.660333333333334,216.5,7.43875
memphis,2013-10-01,7.833333333333333,0.195,,7.066666666666666,,7.783333333333334
memphis,2013-11-01,8.71,0.26166666666666666,137.75,3.02,91.0,7.184
memphis,2013-12-01,8.59,0.304,139.0,4.326666666666667,95.0,6.854444444444444
memphis,2014-01-01,,0.3016666666666667,,,,7.003333333333334
memphis,2014-02-01,9.205,0.31,137.75,6.9425,90.75,6.735
memphis,2014-04-01,8.525,0.25666666666666665,138.25,3.21,87.25,7.151000000000001
memphis,2014-05-01,,0.21666666666666667,,,,7.478333333333333
memphis,2014-06-01,8.425,0.20142857142857146,139.25,3.4499999999999997,83.0,7.132222222222222
memphis,2014-07-01,11.93125,0.24,132.8,18.0625,,7.756
memphis,2014-08-01,5.886666666666667,,145.0,5.405,91.0,6.2250000000000005
memphis,2014-09-01,,0.10350000000000001,,,,7.18
memphis,2014-10-01,,,397.0,,,7.8
memphis,2014-11-01,8.940000000000001,,212.4,3.465,90.75,6.6
memphis,2014-12-01,8.6,,204.0,3.335,93.25,6.459999999999999
memphis,2015-01-01,7.7,0.2084,359.0,9.6,,6.92125
memphis,2015-02-01,8.54,,143.5,3.23,90.0,6.3
memphis,2015-03-01,,,313.0,,,7.6
memphis,2015-04-01,8.79,,141.5,3.225,85.5,6.35
memphis,2015-05-01,,,420.0,,,7.545
memphis,2015-06-01,8.754999999999999,0.19333333333333333,192.6,14.0725,121.66666666666667,6.8585714285714285
memphis,2015-07-01,14.05,0.12933333333333336,333.5,31.766666666666666,199.2,8.083
memphis,2015-08-01,6.2683333333333335,0.13199999999999998,146.33333333333334,9.832857142857142,98.55555555555556,6.7188888888888885
memphis,2015-09-01,,0.13466666666666666,453.0,23.0,165.33333333333334,7.217999999999999
memphis,2015-10-01,8.775,0.17833333333333334,209.0,3.1,91.0,7.176470588235294
memphis,2015-11-01,,0.39999999999999997,461.0,,,6.949166666666667
memphis,2015-12-01,14.3,0.19555555555555557,227.66666666666666,13.2775,91.8,6.946
memphis,2016-01-01,,0.20857142857142857,239.0,25.0,130.0,7.056428571428571
memphis,2016-02-01,14.7,0.152,221.0,1.51,111.5,6.73125
memphis,2016-03-01,,0.197,309.0,17.166666666666668,128.0,6.789999999999999
memphis,2016-04-01,8.765,0.1510877192982456,207.0,19.07,130.4,6.694866071428572
memphis,2016-05-01,,0.16377777777777777,392.0,45.0,240.0,7.001971830985915
memphis,2016-06-01,8.755,0.09925,212.6,4.2625,96.5,7.070952380952382
memphis,2016-07-01,,0.20727272727272725,413.0,29.75,250.0,7.2387500000000005
memphis,2016-08-01,5.786666666666666,0.2918181818181818,251.46153846153845,11.524444444444445,112.45454545454545,7.096470588235294
memphis,2016-09-01,,0.28022222222222226,434.0,30.5,235.0,7.303
memphis,2016-10-01,8.700000000000001,0.1872,217.6,20.7725,152.33333333333334,7.264583333333333
memphis,2016-11-01,,0.2299,,14.3,157.0,7.142
memphis,2016-12-01,8.65,0.46444444444444444,143.0,3.02,96.5,7.202857142857143
memphis,2017-01-01,,0.24727272727272728,343.0,15.700000000000001,103.33333333333333,7.008181818181819
memphis,2017-02-01,8.76,1.0300000000000002,188.2,5.213333333333333,100.4,6.990526315789474
memphis,2017-03-01,,0.17033333333333334,383.0,7.8,110.0,7.423
memphis,2017-04-01,12.100000000000001,0.28700000000000003,207.2,5.88,116.0,6.96076923076923
memphis,2017-05-01,11.620000000000001,0.2281818181818182,228.9,9.37857142857143,134.16666666666666,6.816666666666667
memphis,2017-06-01,8.709999999999999,0.4086666666666667,224.42857142857142,15.44,123.28571428571429,7.02
memphis,2017-08-01,6.291666666666667,,164.92307692307693,5.726666666666667,92.625,6.441666666666666
memphis,2017-09-01,4.663,0.10704999999999999,495.2857142857143,19.1275,265.6818181818182,6.937142857142858
memphis,2017-10-01,,,492.0,,,8.1
memphis,2017-11-01,3.67,0.10935,308.0,11.38,133.75,7.029999999999999
memphis,2017-12-01,,,308.0,,,
memphis,2018-01-01,,,415.0,,,8.2
memphis,2018-02-01,,,453.0,,,7.9
memphis,2018-03-01,,,269.0,,,8.4
memphis,2018-04-01,,0.1225,343.0,5.99,102.0,6.8
memphis,2018-06-01,,,448.0,,,7.7
memphis,2018-07-01,5.46325,0.20522,100.9,5.945,88.5,7.558181818181819
memphis,2018-08-01,6.685555555555556,0.2058888888888889,146.25,6.348888888888889,91.22222222222223,6.845999999999999
memphis,2018-09-01,,0.2668333333333333,,,61.0,7.376
memphis,2018-10-01,28.8,0.24486666666666668,304.5,8.6975,129.33333333333334,7.361
memphis,2018-11-01,7.31,0.2869333333333333,,8.299999999999999,52.0,7.453333333333333
memphis,2018-12-01,3.4766666666666666,0.323875,,4.243333333333333,60.0,7.251250000000001
memphis,2019-01-01,5.6,0.35014285714285714,,6.36,65.0,7.1066666666666665
memphis,2019-02-01,,0.15775,311.0,,,7.236666666666667
memphis,2019-03-01,,0.194,311.0,,,8.116666666666667
memphis,2019-04-01,,0.364575,,,,7.3325
memphis,2019-05-01,,0.1474,,,,7.55
memphis,2019-06-01,8.5,0.13762000000000002,200.6,3.52,92.8,6.968999999999999
memphis,2019-08-01,5.0024999999999995,0.1565,148.875,7.4925,85.83333333333333,6.720000000000001
memphis,2019-09-01,,,508.0,,,7.1579999999999995
memphis,2019-11-01,,0.253,,,68.5,7.795
memphis,2020-01-01,,0.209,,,46.0,7.3
memphis,2020-07-01,,0.0857,,,,7.5075
memphis,2020-08-01,5.75,0.14833333333333334,151.375,8.735,99.0,6.77
memphis,2020-09-01,,0.11497142857142857,,,,7.348333333333334
memphis,2020-10-01,,0.14716666666666667,,,125.5,7.191666666666666
memphis,2020-11-01,,0.1252285714285714,,,,7.355
memphis,2020-12-01,,0.15563333333333332,,,,7.515000000000001
memphis,2021-01-01,,0.22083333333333333,,,,7.7683333333333335
memphis,2021-02-01,,0.16633333333333333,,,111.5,7.723333333333334
memphis,2021-03-01,,0.1466,,,,7.069
memphis,2021-04-01,,0.13143333333333332,,,,7.465
memphis,2021-05-01,,0.11203333333333333,,,132.0,7.5725
memphis,2021-06-01,,0.14055714285714285,,,,8.161666666666667
memphis,2021-07-01,3.43,0.22047777777777777,,,135.8111111111111,8.02
memphis,2021-08-01,6.298,0.32468888888888886,150.5,8.61,152.53846153846155,7.337777777777778
memphis,2021-09-01,12.7,0.1937888888888889,,,157.55555555555554,7.721428571428571
memphis,2021-10-01,4.72,0.23835555555555554,,,144.33333333333334,9.27
memphis,2021-11-01,4.05,0.52041,,,133.2,7.3554545454545455
memphis,2021-12-01,6.14,0.33135,,,171.375,7.140000000000001
riverview,2012-01-01,28.7,,11115.633870967742,65.8,298.0,7.769142857142857
riverview,2012-02-01,,,14026.888888888889,67.0,,7.693157894736842
riverview,2012-03-01,33.0,,17309.74603174603,24.0,195.33333333333334,7.660747663551402
riverview,2012-04-01,32.4,,15968.816129032257,47.4,276.5,7.513846153846154
riverview,2012-05-01,69.0,,20043.213114754097,25.0,297.0,7.432155172413793
riverview,2012-06-01,51.0,,197.0983606557377,40.0,304.0,7.019512195121951
riverview,2012-07-01,24.4,,884.6190476190476,54.300000000000004,213.0,7.326761904761904
riverview,2012-08-01,7.8,,193.63076923076923,18.45,101.0,7.049057971014492
riverview,2012-09-01,15.0,,2528.8360655737706,40.5,126.0,7.573203883495145
riverview,2012-10-01,24.95,,1162.5691056910568,54.699999999999996,219.0,7.80516393442623
riverview,2012-11-01,20.0,,9771.152542372882,39.666666666666664,127.0,7.528728813559322
riverview,2012-12-01,41.0,,5562.482758620689,57.5,209.0,7.687192982456141
riverview,2013-01-01,30.0,,10148.55588235294,71.5,316.0,7.697821782178218
riverview,2013-02-01,,,7959.45871559633,83.0,,7.656238532110091
riverview,2013-03-01,,,3916.954128440367,75.0,,7.889908256880734
riverview,2013-04-01,27.633333333333336,,9951.552459016393,93.05,318.3333333333333,7.652644628099174
riverview,2013-05-01,,,14690.327868852459,102.0,,7.555901639344262
riverview,2013-06-01,45.0,,5582.666666666667,161.0,316.0,7.622735042735043
riverview,2013-07-01,30.2,,1007.051067961165,64.55,296.0,8.728725490196078
riverview,2013-08-01,,,634.860655737705,48.0,,7.2600819672131145
riverview,2013-09-01,,,333.9191919191919,50.0,,7.452121212121212
riverview,2013-10-01,31.7,,6482.524409448819,75.35,301.0,7.5970634920634925
riverview,2013-11-01,,,13794.263157894737,76.0,,7.700263157894737
riverview,2013-12-01,,,8830.62962962963,77.0,,7.603425925925926
riverview,2014-01-01,,,7000.682926829269,126.0,,8.253536585365854
riverview,2014-02-01,30.2,,6029.0,65.6,297.0,7.76367816091954
riverview,2014-03-01,,,1854.2933333333333,,,7.505466666666666
riverview,2014-04-01,,,4933.133333333333,,,7.760133333333333
riverview,2014-05-01,30.8,,10917.226923076923,76.25,299.0,7.718449612403101
riverview,2014-06-01,,,3258.404255319149,80.0,,7.67468085106383
riverview,2014-07-01,25.25,,1545.3691489361704,50.13333333333333,220.5,7.613369565217391
riverview,2014-08-01,,,3506.8478260869565,78.0,,7.364565217391304
riverview,2014-09-01,,,1217.8078048780487,55.0,,7.255243902439024
riverview,2014-10-01,31.7,,4950.658139534883,85.45,310.0,7.509764705882353
riverview,2014-11-01,,,5363.348314606742,91.0,,7.568539325842697
riverview,2014-12-01,,,4537.070588235294,77.0,,7.419647058823529
riverview,2015-01-01,31.8,,3338.366990291262,74.7,298.0,7.6197058823529416
riverview,2015-02-01,,,2391.1574803149606,92.0,,7.3851181102362204
riverview,2015-03-01,,,3349.4375,110.0,,7.663035714285714
riverview,2015-04-01,32.4,,9447.413675213675,99.5,301.0,7.438965517241379
riverview,2015-05-01,,,14633.879310344828,86.0,,7.604741379310345
riverview,2015-06-01,,,11248.18487394958,119.0,,7.71235294117647
riverview,2015-07-01,30.6,,7165.636486486486,71.4,296.0,7.348231292517007
riverview,2015-08-01,,,282.792,45.0,,7.01312
riverview,2015-09-01,,,3086.675,71.0,,7.356408333333333
riverview,2015-10-01,33.5,,3147.0922413793105,78.15,298.0,7.516260869565217
riverview,2015-11-01,,,2937.677966101695,80.0,,7.545338983050848
riverview,2015-12-01,,,15005.102803738318,100.0,,7.714859813084113
riverview,2016-01-01,32.7,0.041,10282.257272727273,73.8,,7.348877551020409
riverview,2016-02-01,28.0,,1339.6940298507463,57.800000000000004,347.0,7.623409090909091
riverview,2016-03-01,29.2,,4044.9722772277228,82.66666666666667,394.0,7.695656565656566
riverview,2016-04-01,32.5,0.041,11827.440157480314,76.65,,7.677142857142858
riverview,2016-05-01,,,9097.8,78.0,,7.49472
riverview,2016-06-01,,,671.9238095238095,95.0,,7.211047619047619
riverview,2016-07-01,32.8,0.044,6632.463846153846,74.15,,7.384806201550387
riverview,2016-08-01,,,3619.16814159292,89.0,,7.457964601769912
riverview,2016-09-01,,,1062.748031496063,57.0,,7.1340944881889765
riverview,2016-10-01,33.0,1.0676666666666668,4926.7576,80.3,,7.503225806451613
riverview,2016-11-01,,0.865375,12621.267857142857,99.0,,7.539821428571429
riverview,2016-12-01,,0.7967500000000001,13615.611650485436,116.0,,7.566310679611651
riverview,2017-01-01,,0.66525,12020.588709677419,96.0,,7.71733870967742
riverview,2017-02-01,29.333333333333332,0.6432222222222221,16694.64817518248,62.025,348.0,7.5510447761194035
riverview,2017-03-01,26.53333333333333,0.94275,16933.955955882353,68.55,235.0,7.9440298507462686
riverview,2017-04-01,31.133333333333336,0.5846666666666667,15781.037984496123,67.675,243.0,7.786484375
riverview,2017-05-01,31.3,0.47359999999999997,22109.875,90.66666666666667,274.0,7.555576923076923
riverview,2017-06-01,32.93333333333333,0.6432,10611.761538461538,125.25,316.0,7.698449612403101
riverview,2017-07-01,26.766666666666666,1.3297,3508.454700854701,60.724999999999994,246.66666666666666,7.409137931034483
riverview,2017-08-01,16.115000000000002,0.9036428571428571,2185.7751937984494,45.5,167.0,7.44953125
riverview,2017-09-01,26.8,1.4402222222222223,875.5805084745763,57.95,257.0,7.390084745762712
riverview,2017-10-01,34.86666666666667,0.9701818181818183,4526.56611570248,57.0,262.0,7.631666666666666
riverview,2017-11-01,34.4,0.5531538461538461,18481.1875,80.15,278.0,7.885078125
riverview,2017-12-01,30.4,0.7278888888888889,9977.960000000001,111.9,307.0,7.876818181818182
riverview,2018-01-01,25.55,0.6369,8296.538461538461,80.60000000000001,236.0,7.7609615384615385
riverview,2018-02-01,31.266666666666666,0.6062,5105.296116504855,91.075,294.0,7.598446601941747
riverview,2018-03-01,35.05,0.4852,18746.655462184874,80.73333333333333,324.5,7.892689075630252
riverview,2018-04-01,31.400000000000002,0.5394444444444444,7800.698275862069,88.075,348.3333333333333,7.698706896551724
riverview,2018-05-01,26.05,0.640375,4002.025714285714,59.5,273.0,7.442698412698412
riverview,2018-06-01,12.5,1.154777777777778,1795.816393442623,33.25,164.0,7.406639344262295
riverview,2018-07-01,25.8,1.0295,242.6658536585366,40.300000000000004,222.5,7.226178861788618
riverview,2018-08-01,31.15,0.7664285714285713,524.0832,50.166666666666664,195.0,7.48832
riverview,2018-09-01,24.1,1.0515555555555556,1686.031007751938,65.65,232.0,7.278062015503876
riverview,2018-10-01,31.45,0.7574,9034.680327868853,72.43333333333334,306.0,7.763852459016394
riverview,2018-11-01,27.4,0.6004999999999999,6383.044642857143,90.4,26.0,7.6710714285714285
riverview,2018-12-01,19.266666666666666,0.643090909090909,12706.328,66.325,220.66666666666666,7.341666666666667
riverview,2019-01-01,19.7,0.8507777777777777,741.7065789473684,38.0,170.0,7.4165789473684205
riverview,2019-02-01,32.65,0.581857142857143,3826.7227722772277,68.7,285.0,7.741584158415842
riverview,2019-03-01,27.96666666666667,0.6628999999999999,2171.6526881720433,57.975,227.66666666666666,7.723333333333333
riverview,2019-04-01,86.64,0.43524999999999997,6806.711538461538,82.05,450.0,7.707864077669902
riverview,2019-05-01,35.3,0.35185714285714287,13339.319417475726,67.3,256.5,7.596990291262136
riverview,2019-06-01,19.6,0.816,6012.878787878788,82.85,268.0,7.612222222222222
riverview,2019-07-01,23.45,0.8237,8695.657482014387,43.23333333333334,240.0,7.486402877697841
riverview,2019-08-01,9.6,0.889,1066.1188524590164,28.5,138.0,7.357377049180328
riverview,2019-09-01,31.3,0.6511666666666667,4369.8838235294115,70.95,154.0,7.619558823529411
riverview,2019-10-01,27.1,0.5690000000000001,14383.086324786325,63.0,283.5,7.370775862068966
riverview,2019-11-01,27.4,0.44593333333333335,7871.4928,71.15,272.0,7.80288
riverview,2019-12-01,26.0,0.42453846153846153,11295.456692913385,78.35,268.0,7.849763779527558
riverview,2020-01-01,33.349999999999994,0.4237692307692308,9078.362903225807,90.43333333333334,327.0,7.773821138211382
riverview,2020-02-01,26.8,0.4090833333333333,10344.982300884956,85.35,296.0,7.676725663716814
riverview,2020-03-01,30.3,0.26,11379.680555555555,64.66,364.0,7.8348611111111115
riverview,2020-04-01,31.45,0.32166666666666666,18509.1,115.7,365.5,7.713571428571429
riverview,2020-05-01,37.4,0.8542000000000002,12014.763636363636,110.0,372.0,7.809272727272727
riverview,2020-06-01,47.6,0.6035999999999999,6508.605050505051,146.0,433.0,7.614444444444445
riverview,2020-07-01,33.8,0.85675,8771.324324324325,71.6,303.0,7.724684684684685
riverview,2020-08-01,30.5,1.1289166666666668,6272.540909090909,67.6,308.0,7.612363636363637
riverview,2020-09-01,13.0,1.4121000000000001,1276.9056074766354,24.0,183.0,7.7206542056074765
riverview,2020-10-01,32.45,0.9355,9047.863302752294,64.25,313.0,7.782155963302753
riverview,2020-11-01,21.9,0.8913076923076922,5111.089265536723,56.0,277.0,7.545762711864406
riverview,2020-12-01,17.8,0.7470666666666667,3386.2544041450774,34.9,189.0,7.6937823834196895
riverview,2021-01-01,29.75,0.8654285714285714,7858.204411764706,74.85,323.0,8.02671568627451
riverview,2021-02-01,24.0,0.8867857142857142,2998.703703703704,86.8,322.0,7.795585106382978
riverview,2021-03-01,28.5,0.8429333333333333,3552.235294117647,74.43333333333334,357.6666666666667,7.7774866310160435
riverview,2021-04-01,28.85,0.6611538461538462,9580.327319587628,88.25,341.0,7.871030927835052
riverview,2021-05-01,26.0,0.49778571428571433,15633.395939086295,100.0,88.8,7.887715736040609
riverview,2021-06-01,21.0,0.5420769230769231,11179.884046511626,66.0,236.0,7.637441860465116
riverview,2021-07-01,27.0,0.9495384615384617,940.6639784946236,78.5,270.0,7.473387096774193
riverview,2021-08-01,31.0,0.77675,3914.3257425742577,67.5,303.0,7.605841584158417
riverview,2021-09-01,22.0,0.7618823529411765,2158.44009009009,58.0,241.0,7.538738738738738
riverview,2021-10-01,26.0,0.8913846153846154,6846.257868020305,69.0,274.0,7.726649746192894
riverview,2021-11-01,24.6,0.5531578947368421,3183.544502617801,67.25,271.0,7.535968586387434
riverview,2021-12-01,26.0,0.5566428571428571,9377.383919597989,74.8,306.0,7.664723618090452
riverview,2022-01-01,31.133333333333336,0.4255555555555556,7502.502923976608,67.7,290.6666666666667,7.694
riverview,2022-02-01,29.6,0.4285,12176.255050505051,78.1,298.0,7.8312626262626255
riverview,2022-03-01,33.3,0.5843571428571428,7576.406914893617,87.0,354.0,7.687606382978723
riverview,2022-04-01,42.6,0.6545714285714286,16768.971679372196,73.93333333333334,333.5,7.838354735426009
riverview,2022-05-01,64.9,0.7996666666666666,15867.809885596707,62.2,354.0,7.675036148148148
riverview,2022-06-01,28.2,0.6353571428571428,12707.180203045686,74.65,335.0,7.54751269035533
riverview,2022-07-01,29.2,0.5767857142857142,12621.65549192825,88.36666666666667,337.5,7.553210354260091
riverview,2022-08-01,18.8,0.8885882352941177,12109.302725500002,59.6,209.0,7.56474194
riverview,2022-09-01,18.35,1.2164545454545455,2795.1234507614217,24.900000000000002,10.0,7.2521836938775515
riverview,2022-10-01,29.85,0.9990714285714286,4219.684469444444,56.300000000000004,284.0,7.359341161111112
riverview,2022-11-01,32.2,0.7835,10136.09288108108,67.75,292.0,7.662652821621622
riverview,2022-12-01,34.7,0.6846428571428572,12481.494290055249,64.85,284.0,7.6824323977900555
sacramento,2011-01-01,7.032857142857144,0.048,150.46666666666667,7.074285714285714,99.125,7.453
sacramento,2011-02-01,5.157500000000001,0.055,140.2,6.105,91.66666666666667,7.75
sacramento,2011-03-01,3.87,0.05333333333333334,105.42857142857143,4.82,76.5,7.212000000000001
sacramento,2011-04-01,2.71,0.03333333333333333,97.43333333333334,4.89,79.5,7.673333333333333
sacramento,2011-05-01,2.1225,0.03,86.375,3.2925,61.25,7.71
sacramento,2011-06-01,2.535,0.04,85.11111111111111,4.1525,58.25,7.528333333333333
sacramento,2011-07-01,3.1625,0.05,106.85714285714286,3.7325,50.5,7.4799999999999995
sacramento,2011-08-01,2.9066666666666663,0.04,129.875,3.313333333333334,70.0,7.775333333333333
sacramento,2011-09-01,3.1999999999999997,0.07,129.33333333333334,3.563333333333334,61.5,7.6375
sacramento,2011-10-01,2.4499999999999997,0.03,220.94444444444446,3.013333333333333,64.5,7.488571428571428
sacramento,2011-11-01,2.5,,98.0,2.5,53.0,7.35
sacramento,2011-12-01,10.508000000000001,0.035,234.6,9.372,141.85714285714286,7.7
sacramento,2012-01-01,5.5,0.037500000000000006,152.55555555555554,6.612,95.33333333333333,7.881111111111112
sacramento,2012-02-01,6.2275,0.0525,164.375,7.1975,104.0,7.8975
sacramento,2012-03-01,4.73,0.05,134.16666666666666,4.04,82.0,7.82
sacramento,2012-04-01,3.6950000000000003,0.05,103.42857142857143,5.2175,71.0,7.718571428571429
sacramento,2012-05-01,2.6825,0.02,109.66666666666667,2.985,64.75,7.77888888888889
sacramento,2012-06-01,9.766,0.036750000000000005,122.33333333333333,5.61,76.75,7.6499999999999995
sacramento,2012-07-01,15.040000000000001,0.688,197.14285714285714,9.24,52.5,7.986923076923077
sacramento,2012-08-01,1.955,0.03,174.125,3.5125,71.0,7.656666666666666
sacramento,2012-09-01,194.23333333333335,,952.7647058823529,41.4,900.0,7.6126315789473695
sacramento,2012-10-01,2.872,0.03,121.63,3.068,71.25,7.687
sacramento,2012-11-01,3.5,,134.85714285714286,4.0,67.0,7.5249999999999995
sacramento,2012-12-01,4.7275,0.1025,118.6,6.2825,80.0,7.507
sacramento,2013-01-01,6.435,0.05,154.3846153846154,8.7375,101.33333333333333,7.7092307692307696
sacramento,2013-02-01,4.915,0.03,147.5,6.5575,101.0,7.568333333333334
sacramento,2013-03-01,3.8674999999999997,0.025,235.02666666666667,4.5275,82.5,7.759166666666666
sacramento,2013-04-01,3.85,0.05,201.77777777777777,5.183333333333334,80.5,7.82388888888889
sacramento,2013-05-01,4.6075,0.0325,223.58333333333334,6.64,87.33333333333333,7.760833333333333
sacramento,2013-06-01,4.2825,0.04,250.25,5.5275,81.33333333333333,7.796666666666667
sacramento,2013-07-01,6.2825,0.035,259.25,3.783333333333333,75.57142857142857,7.739166666666667
sacramento,2013-08-01,9.5425,0.03,360.6923076923077,3.726,89.23076923076923,7.904615384615385
sacramento,2013-09-01,44.0,,551.32775,4.0,181.66666666666666,7.768235294117647
sacramento,2013-10-01,8.92875,0.03,356.72,3.3485714285714283,98.55555555555556,7.994400000000001
sacramento,2013-11-01,4.5,,178.375,4.5,82.25,7.44625
sacramento,2013-12-01,15.341111111111111,0.03,201.6,6.705000000000001,92.57142857142857,7.795
sacramento,2014-01-01,19.99,0.085,329.7647058823529,5.974285714285714,109.66666666666667,7.7958823529411765
sacramento,2014-02-01,18.28090909090909,1.142,412.5,8.06111111111111,130.8235294117647,7.69235294117647
sacramento,2014-03-01,21.94,0.435,441.53333333333336,12.7375,171.66666666666666,7.899333333333334
sacramento,2014-04-01,18.31875,0.045,280.4166666666667,7.591666666666666,144.66666666666666,7.78
sacramento,2014-05-01,4.875,0.030000000000000002,221.16666666666666,5.0337499999999995,82.875,7.860833333333333
sacramento,2014-06-01,12.636363636363637,0.0325,191.42857142857142,4.0442857142857145,85.0,7.719285714285713
sacramento,2014-07-01,6.0371428571428565,0.035,159.77777777777777,4.026666666666666,77.0,7.474444444444444
sacramento,2014-08-01,15.883333333333333,0.035,360.5882352941176,4.428333333333334,116.41666666666667,7.753529411764706
sacramento,2014-09-01,40.53846153846154,,479.14285714285717,6.2,157.42424242424244,7.674285714285714
sacramento,2014-10-01,24.089523809523808,0.03,312.165,4.19375,111.0,7.6155
sacramento,2014-11-01,11.0,,187.33333333333334,4.6,67.6,7.402222222222223
sacramento,2014-12-01,15.122307692307693,0.59,226.88235294117646,12.857999999999999,100.16,7.696666666666667
sacramento,2015-01-01,17.104,0.05,265.7142857142857,14.0125,136.6875,7.9471428571428575
sacramento,2015-02-01,11.807500000000001,0.05,254.08333333333334,11.042857142857143,111.38461538461539,8.005833333333333
sacramento,2015-03-01,14.2375,0.025,301.4,9.245714285714286,123.66666666666667,7.794
sacramento,2015-04-01,13.038571428571428,0.05,285.93571428571425,6.476666666666667,100.0,8.082857142857142
sacramento,2015-05-01,11.75625,0.04,157.6,4.866666666666666,84.46153846153847,7.667999999999999
sacramento,2015-06-01,13.095454545454546,0.0325,183.30769230769232,4.68,73.125,7.620769230769231
sacramento,2015-07-01,12.122222222222222,,165.45454545454547,3.7449999999999997,65.07142857142857,7.534545454545454
sacramento,2015-08-01,26.368571428571425,0.03,364.47058823529414,4.792,109.37142857142857,7.5447058823529405
sacramento,2015-09-01,24.0,,356.8,5.0,126.57142857142857,7.403999999999999
sacramento,2015-10-01,20.971,0.035,303.45454545454544,3.7879999999999994,122.70588235294117,7.670000000000001
sacramento,2015-11-01,,,122.0,,,7.123333333333334
sacramento,2015-12-01,4.765,0.04,142.5,4.5775,95.25,7.725
sacramento,2016-01-01,6.333333333333333,0.075,173.2,8.996666666666668,102.8,7.9750000000000005
sacramento,2016-02-01,5.618,0.05666666666666667,150.0,7.31,97.14285714285714,7.338571428571428
sacramento,2016-03-01,3.4939999999999998,0.06,128.5,4.502,74.4,7.75
sacramento,2016-04-01,3.1199999999999997,0.16433333333333333,113.35000000000001,5.452222222222222,76.16666666666667,7.738333333333333
sacramento,2016-05-01,6.165,0.03666666666666667,126.16666666666667,6.17,77.0,7.583333333333333
sacramento,2016-06-01,4.5,0.0363,131.0,5.283333333333334,83.0,7.775
sacramento,2016-07-01,3.04,0.02,100.5,3.17,71.0,7.65
sacramento,2016-08-01,3.05,0.04,113.0,3.64,68.5,7.75
sacramento,2016-10-01,4.09,0.045,129.5,4.21,81.5,7.5
sacramento,2016-12-01,6.23,0.045,180.5,8.04,117.0,7.75
sacramento,2017-01-01,2.16,0.07,90.0,3.3,62.5,7.725
sacramento,2017-02-01,1.54,0.125,63.0,2.235,43.5,7.575
sacramento,2017-03-01,2.92,0.06,123.0,4.94,81.5,7.7
sacramento,2017-05-01,1.685,0.056666666666666664,86.25,2.7,57.0,7.75
sacramento,2017-06-01,22.601,0.035,201.8,10.738,60.5,8.250833333333333
sacramento,2017-07-01,3.66,0.03,388.3333333333333,3.97,75.0,8.0
sacramento,2017-08-01,164.81285714285715,0.05,1088.4117647058824,56.839999999999996,748.4285714285714,7.576470588235295
sacramento,2017-09-01,4.04,0.03,307.6666666666667,4.42,87.0,7.8
sacramento,2017-10-01,2.84,0.04,135.0,3.16,193.5,7.833333333333333
sacramento,2017-11-01,21.8,,292.0,9.42,286.0,7.7
sacramento,2017-12-01,4.39,0.05,147.5,6.87,98.0,7.9
sacramento,2018-01-01,7.29,0.0675,178.0,8.515,109.5,7.9
sacramento,2018-02-01,6.153333333333333,0.042499999999999996,163.4,7.09,96.33333333333333,7.94
sacramento,2018-03-01,2.99,0.045000000000000005,106.0,4.23,81.0,7.6
sacramento,2018-04-01,3.7,0.04,125.5,4.96,82.5,7.6
sacramento,2018-05-01,4.68,0.04,135.27272727272728,5.3,91.25,7.741666666666667
sacramento,2018-06-01,3.74,0.03,111.0,3.79,73.5,7.766666666666667
sacramento,2018-07-01,2.72,0.04,138.55555555555554,2.91,71.0,7.722222222222222
sacramento,2018-08-01,4.065,0.04,225.125,4.15,91.0,7.7875
sacramento,2018-09-01,,,355.75,,,7.575
sacramento,2018-10-01,3.27,0.035,154.0,3.28,76.5,7.8090909090909095
sacramento,2018-11-01,,,235.5,,,7.9
sacramento,2018-12-01,7.53,0.0775,177.0,7.92,211.0,7.79
sacramento,2019-01-01,,,,,,7.548333333333333
sacramento,2019-02-01,6.63,0.09,151.0,7.43,101.0,7.7025
sacramento,2019-03-01,2.67,0.0675,104.75,4.455,76.25,7.763571428571429
sacramento,2019-04-01,2.35,0.045,369.6666666666667,4.01,80.0,7.913333333333333
sacramento,2019-05-01,2.59,0.035,100.4,4.09,64.0,7.875
sacramento,2019-06-01,2.81,0.03333333333333333,213.28571428571428,3.44,60.25,7.725238095238095
sacramento,2019-07-01,3.23,0.03,107.2,3.84,73.5,7.692105263157895
sacramento,2019-08-01,3.135,0.03333333333333333,201.55555555555554,3.65,77.25,7.866666666666666
sacramento,2019-09-01,,,248.85714285714286,,,7.835454545454545
sacramento,2019-10-01,2.86,0.03,213.0,2.88,69.5,7.757142857142857
sacramento,2019-11-01,,,128.0,,,
sacramento,2019-12-01,7.66,0.08,179.75,10.7,122.0,7.55
sacramento,2020-01-01,6.195,0.0375,158.92857142857142,9.205,107.5,7.683333333333334
sacramento,2020-02-01,6.9350000000000005,0.0375,195.57142857142858,10.1,121.25,7.779999999999999
sacramento,2020-03-01,,,170.0,,,8.0
sacramento,2020-05-01,4.125,0.0425,134.25,4.76,85.5,7.825
sacramento,2020-06-01,21.415,0.05,306.6666666666667,16.655,256.0,7.683333333333334
sacramento,2020-07-01,9.06,0.029,228.28571428571428,7.47,165.83333333333334,7.828571428571428
sacramento,2020-08-01,,,161.72727272727272,,,7.7
sacramento,2020-09-01,5.28,0.035,153.75,4.51,97.0,7.95
sacramento,2020-10-01,4.79,,125.0,3.46,79.5,7.949999999999999
sacramento,2020-11-01,,,133.57142857142858,,,8.128571428571428
sacramento,2020-12-01,4.48,0.025,167.66666666666666,4.14,89.5,7.833333333333333
sacramento,2021-01-01,7.175,0.04,176.5,5.275,107.5,8.025
sacramento,2021-02-01,8.844999999999999,0.06,199.75,9.105,124.0,7.975
sacramento,2021-03-01,7.32,0.045,185.66666666666666,7.74,104.0,8.033333333333333
sacramento,2021-04-01,4.49,0.035750000000000004,142.33333333333334,4.47,82.5,7.566666666666666
sacramento,2021-05-01,4.97,0.035,144.25,4.7,93.5,7.875
sacramento,2021-06-01,4.215,0.0375,123.8,3.79,80.25,7.846666666666668
sacramento,2021-07-01,3.53,0.03,110.0,3.48,78.0,7.949999999999999
sacramento,2021-08-01,6.29,0.045,171.0,6.2,109.5,7.85
sacramento,2021-09-01,,,169.33333333333334,,,7.8999999999999995
sacramento,2021-10-01,3.67,0.03,134.33333333333334,3.13,83.0,7.933333333333334
sacramento,2021-12-01,8.82,0.055,188.0,8.39,116.5,7.85
st_louis,2010-01-01,60.4,0.0865,814.0,64.6,,7.9
st_louis,2010-03-01,73.3,0.060000000000000005,945.0,60.4,,7.9
st_louis,2010-04-01,104.8,0.08886666666666666,786.3478260869565,75.4,,7.763829787234042
st_louis,2010-05-01,65.36666666666666,0.4676666666666667,778.3333333333334,71.23333333333333,,7.566666666666666
st_louis,2010-06-01,104.51428571428572,0.22968750000000002,728.8139534883721,52.8,,7.710232558139535
st_louis,2010-07-01,118.08333333333333,0.3018571428571429,728.3913043478261,,,8.454255319148936
st_louis,2010-08-01,100.83333333333333,0.32705555555555554,757.0222222222222,75.63333333333334,,7.724666666666667
st_louis,2010-09-01,65.76666666666667,0.5363333333333333,793.3333333333334,63.70000000000001,,7.633333333333333
st_louis,2010-10-01,106.1875,0.10711764705882353,805.7674418604652,38.95,,8.257272727272728
st_louis,2010-12-01,28.1,0.325,394.0,24.1,,8.2
st_louis,2011-01-01,134.0,0.10049999999999999,1239.0,31.7,,9.0
st_louis,2011-02-01,103.0,0.1755,892.0,35.4,,9.1
st_louis,2011-03-01,,0.2,,,,8.3
st_louis,2011-04-01,77.4,0.1225,811.0,18.0,,8.2
st_louis,2011-05-01,55.5,0.14350000000000002,617.0,23.4,,8.4
st_louis,2011-06-01,31.1,0.3015,371.0,20.6,,7.13
st_louis,2011-07-01,83.65,0.23800000000000002,,,,
st_louis,2011-08-01,38.0,0.1801003333333333,750.0,52.8,,8.0
st_louis,2011-09-01,17.8,0.07550000000000001,804.0,35.1,,7.0
st_louis,2011-10-01,21.4,0.13403333333333334,552.75,46.5,,8.13
st_louis,2011-11-01,43.1,0.194,506.0,27.5,,7.9
st_louis,2012-01-01,72.4,0.0535,892.0,41.2,,8.2
st_louis,2012-02-01,68.9,0.1235,754.0,34.3,,7.8
st_louis,2012-04-01,80.5,0.22410666666666668,959.0,24.8,,8.02
st_louis,2012-05-01,56.6,0.1815,660.0,26.3,,7.6
st_louis,2012-06-01,,0.55,433.0,,,8.14
st_louis,2012-07-01,20.1,0.082,810.0,102.0,,7.1
st_louis,2012-08-01,16.5,0.12380000000000002,742.0,70.6,,8.25
st_louis,2012-09-01,24.0,0.17500000000000002,707.4,58.3,,8.055
st_louis,2012-10-01,21.9,0.0675,747.0,55.6,,7.8
st_louis,2012-11-01,20.0,0.093319,702.0,59.1,,8.1
st_louis,2013-01-01,66.3,0.16699999999999998,657.0,53.8,,8.2
st_louis,2013-02-01,53.4,0.063,722.0,69.9,,7.4
st_louis,2013-04-01,103.0,0.126,850.0,50.2,,7.9
st_louis,2013-05-01,43.2,0.288,436.55,14.7,,7.445
st_louis,2013-06-01,23.1,0.5953333333333333,382.5,19.4,,7.63
st_louis,2013-07-01,47.6,0.1105,768.0,69.1,,6.9
st_louis,2013-08-01,,0.2353,524.0,,,8.135
st_louis,2013-09-01,51.2,0.142,837.0,35.1,,7.3
st_louis,2013-10-01,34.5,0.058,825.0,40.7,,6.8
st_louis,2013-11-01,42.2,0.18003333333333335,872.0,102.0,,7.65
st_louis,2014-01-01,206.0,0.156,1137.0,39.4,,7.0
st_louis,2014-02-01,227.0,0.361,1034.0,,,8.1
st_louis,2014-04-01,97.3,0.20049999999999998,701.0,40.6,,6.7
st_louis,2014-05-01,104.0,0.5465,890.0,22.2,,7.3
st_louis,2014-06-01,,0.83,477.0,,,7.74
st_louis,2014-07-01,72.5,0.08124999999999999,859.0,38.25,,7.1
st_louis,2014-08-01,,0.62,719.0,,,8.2
st_louis,2014-09-01,73.4,0.446,506.93333333333334,18.1,,7.3133333333333335
st_louis,2014-10-01,86.6,0.1791,937.0,,,7.9
st_louis,2014-12-01,86.2,0.1035,870.0,34.0,,6.8
st_louis,2015-01-01,90.0,0.0695,934.0,65.7,,8.2
st_louis,2015-03-01,118.0,0.072,987.5,22.35,,7.35
st_louis,2015-04-01,,0.4,,,,
st_louis,2015-05-01,93.6,0.11414285714285713,662.7857142857143,55.0,,7.3969047619047625
st_louis,2015-06-01,60.23333333333333,0.26435294117647057,553.6458333333334,43.300000000000004,,7.991666666666667
st_louis,2015-07-01,79.6,0.29491666666666666,561.8684210526316,44.8,,7.793947368421053
st_louis,2015-08-01,66.46666666666667,0.3638111111111111,559.3181818181819,66.05,,7.706222222222221
st_louis,2015-09-01,66.55,0.33016666666666666,693.0,42.4,,7.1
st_louis,2015-10-01,69.6,0.09435714285714285,608.175,71.8,,7.622249999999999
st_louis,2015-11-01,67.4,0.127,706.0,46.6,,7.8
st_louis,2016-01-01,74.2,0.091,816.0,58.9,,6.3
st_louis,2016-02-01,168.0,0.0535,1120.0,71.4,,7.6
st_louis,2016-03-01,83.9,0.0575,871.0,77.9,,7.6
st_louis,2016-04-01,,0.26157949999999996,608.3,,,8.635
st_louis,2016-05-01,52.7,0.128,668.0,58.7,,7.8
st_louis,2016-06-01,58.0,0.22966666666666669,622.5,65.6,,7.3
st_louis,2016-08-01,15.9,0.4322,404.95,7.79,,7.86
st_louis,2016-09-01,29.6,0.246,372.0,21.4,,6.7
st_louis,2016-10-01,122.0,0.1835,518.0,88.0,,7.6
st_louis,2016-11-01,49.5,0.12673333333333334,644.0,39.9,,7.75
st_louis,2016-12-01,136.5,,1035.893738489871,,,
st_louis,2017-01-01,2147.9363636363637,0.0955,1402.7969013006887,52.5,,8.0
st_louis,2017-02-01,172.64285714285714,0.31,1029.4741582491583,,,8.16
st_louis,2017-03-01,93.98888888888888,0.16015,520.1261641541039,41.9,,7.7
st_louis,2017-04-01,,1.2,487.1166608816383,,,7.77
st_louis,2017-05-01,162.76,0.227,431.2184244791667,38.2,,7.3
st_louis,2017-06-01,53.6,0.19666666666666666,671.0,59.3,,7.65
st_louis,2017-08-01,34.5,0.30770000000000003,513.8,45.5,,8.14
st_louis,2017-09-01,28.0,0.106,783.0,72.4,,7.0
st_louis,2017-10-01,40.0,0.0965,700.0,56.6,,6.9
st_louis,2017-11-01,94.7,0.12925566666666666,659.4416258570029,69.1,,7.8999999999999995
st_louis,2017-12-01,97.875,,1076.2996311200536,,,
st_louis,2018-01-01,464.35555555555555,0.1025,2035.7513241702984,60.6,,7.5
st_louis,2018-02-01,127.4909090909091,0.36400000000000005,818.6883756152972,18.1,455.0,7.695
st_louis,2018-03-01,66.4,0.159,404.8784644913627,43.7,,6.9
st_louis,2018-04-01,139.5,0.371,411.8809184481393,,,
st_louis,2018-05-01,124.15555555555557,0.088,298.50289855072464,59.9,,7.6
st_louis,2018-06-01,34.7,0.3773333333333333,430.0,30.2,,7.1
st_louis,2018-07-01,51.0,0.1045,634.0,42.1,,7.6
st_louis,2018-08-01,51.1,0.17533333333333334,731.9333333333334,34.4,494.6,8.295
st_louis,2018-10-01,52.8,0.1075,870.0,87.2,,7.3
st_louis,2018-11-01,85.3,0.086,987.0,60.3,,7.1
st_louis,2019-01-01,359.0,0.0785,1680.0,39.2,,7.9
st_louis,2019-02-01,109.0,0.101,955.0,47.6,,7.0
st_louis,2019-04-01,28.5,0.1525,772.0,68.3,,7.8
st_louis,2019-05-01,51.5,0.376,620.0,39.4,,7.300000000000001
st_louis,2019-06-01,47.0,0.1875,608.0,44.3,,7.7
st_louis,2019-07-01,56.2,0.17,578.0,29.9,,7.5
st_louis,2019-08-01,,,,,,8.2
st_louis,2019-09-01,42.4,0.1775,547.0,33.2,,7.7
st_louis,2019-10-01,43.6,0.0915,791.0,63.3,,8.0
st_louis,2019-11-01,141.0,0.0955,1099.0,56.2,,7.6
st_louis,2020-01-01,89.0,0.096,900.0,46.4,,7.4
st_louis,2020-03-01,84.9,0.278,681.0,31.4,,7.8
st_louis,2020-07-01,72.43333333333334,0.15916666666666665,,75.3,,
st_louis,2020-09-01,60.666666666666664,0.15933333333333333,,77.89999999999999,,
st_louis,2020-10-01,84.03333333333335,0.26716666666666666,,102.76666666666667,,
st_louis,2020-12-01,58.8,0.0935,786.0,47.0,,7.0
toledo,2012-05-01,46.1,0.10266666666666667,394.65,13.466666666666667,360.0,7.444999999999999
toledo,2012-06-01,68.08333333333333,0.06683333333333334,454.1666666666667,61.879999999999995,336.6666666666667,8.5125
toledo,2012-07-01,70.62,0.10525,550.9333333333333,53.379999999999995,341.2,8.345714285714285
toledo,2012-08-01,91.2,0.12971428571428573,668.5999999999999,138.9,494.0,8.55
toledo,2012-09-01,67.475,0.0435,504.9555555555556,44.675000000000004,298.5,8.415
toledo,2012-10-01,200.0,0.055,,158.0,812.0,
toledo,2012-11-01,156.0,0.095,,180.0,788.0,
toledo,2013-07-01,42.0,0.06,486.25,64.3,334.0,9.100000000000001
toledo,2013-11-01,119.0,0.392,863.0,,560.0,7.365
toledo,2014-09-01,241.0,0.027,1503.0,147.0,848.0,8.09
toledo,2014-10-01,212.0,0.037,1436.5,126.0,826.0,7.99
toledo,2014-11-01,123.0,0.156,1002.0,64.9,580.0,7.83
toledo,2014-12-01,207.0,0.012,1369.0,134.0,784.0,7.89
toledo,2015-01-01,356.0,0.076,1700.0,81.5,906.0,7.97
toledo,2015-03-01,247.5,0.082,1182.0,59.900000000000006,656.0,7.9350000000000005
toledo,2015-04-01,157.5,0.0963,1089.25,72.2,640.0,8.24
toledo,2015-05-01,158.5,0.0772,1072.75,57.7,629.0,7.865
toledo,2015-06-01,95.65,0.24224,687.75,33.5,413.0,7.67
toledo,2015-07-01,138.0,0.15855555555555556,967.5,59.9,564.0,7.645
toledo,2015-08-01,134.5,0.11066666666666666,991.75,64.3,599.0,7.92
toledo,2015-09-01,208.0,0.1165,1265.25,102.35,735.0,7.95
toledo,2015-10-01,85.7,0.10766666666666667,662.25,76.45,415.0,7.74
toledo,2015-11-01,,0.0774,1055.5,,,8.52
toledo,2015-12-01,155.0,0.0925,1062.25,92.15,669.0,8.0
toledo,2016-01-01,123.0,0.11249999999999999,1011.25,87.75,606.0,8.115
toledo,2016-02-01,129.0,0.155,884.5,69.5,522.0,8.004999999999999
toledo,2016-03-01,113.5,0.16275,925.0,60.349999999999994,564.0,8.015
toledo,2016-04-01,97.55,0.11539999999999999,827.25,55.7,485.0,7.875
toledo,2016-05-01,131.5,0.10714285714285714,908.6,79.45,626.0,7.926666666666667
toledo,2016-06-01,91.05,0.13683333333333333,590.3399999999999,58.95,368.0,7.8066666666666675
toledo,2016-07-01,101.55,0.16475,703.1,61.550000000000004,420.0,7.5649999999999995
toledo,2016-08-01,102.1,0.1898,753.75,60.349999999999994,492.0,7.885
toledo,2016-09-01,110.825,0.18172727272727274,834.25,65.0,540.5,7.915
toledo,2016-10-01,,0.1622857142857143,,,,
toledo,2016-11-01,89.35,0.11840000000000002,854.75,53.5,503.0,7.995
toledo,2016-12-01,108.5,0.13233333333333333,930.25,68.0,566.0,8.565
toledo,2017-01-01,92.15,0.219,796.0,51.05,524.0,7.745
toledo,2017-02-01,76.25,,603.875,35.4,411.0,7.91
toledo,2017-03-01,160.33333333333334,,1074.8,68.39999999999999,608.6666666666666,8.423333333333334
toledo,2017-04-01,84.31428571428572,,746.7692307692307,48.05714285714286,458.57142857142856,7.878571428571428
toledo,2017-05-01,83.51428571428572,,760.9230769230769,45.228571428571435,437.14285714285717,7.97
toledo,2017-06-01,109.55714285714285,,798.6551724137931,57.0,479.14285714285717,7.896
toledo,2017-07-01,82.86296296296297,,671.3061224489796,40.56785714285714,405.46153846153845,7.857142857142857
toledo,2017-08-01,112.71428571428571,,826.047619047619,66.6047619047619,478.3809523809524,7.869047619047619
toledo,2017-09-01,98.22727272727273,,738.7727272727273,66.0,449.09090909090907,7.691818181818181
toledo,2017-10-01,137.75,,995.7142857142857,107.5,602.5,7.8525
toledo,2017-11-01,103.175,,828.125,79.975,512.5,7.790000000000001
toledo,2017-12-01,144.66666666666666,,1048.6,90.2,586.0,8.02
toledo,2018-03-01,121.75,,906.7142857142857,54.3,543.0,8.035
toledo,2018-04-01,88.39999999999999,,682.1666666666666,45.166666666666664,410.6666666666667,7.9799999999999995
toledo,2018-05-01,77.25,,716.0,52.7,473.0,7.985
toledo,2018-06-01,84.3,,751.4444444444445,49.86,453.2,7.814
toledo,2018-07-01,211.0,,1255.0,120.0,770.0,7.89
toledo,2018-08-01,143.25,,953.8571428571429,72.475,537.5,7.8275
toledo,2018-09-01,237.0,,1420.0,126.0,854.0,8.04
toledo,2018-10-01,187.0,,1175.0,99.4,676.0,7.84
toledo,2018-11-01,112.05,,1005.3333333333334,80.25,563.0,7.945
toledo,2018-12-01,77.65,,685.0,53.7,468.0,8.035
toledo,2019-01-01,109.0,,998.5,88.4,594.0,8.25
toledo,2019-02-01,65.7,,497.0,29.7,358.0,7.82
toledo,2019-03-01,287.0,,1535.0,96.9,880.0,8.17
toledo,2019-04-01,104.0,,831.3333333333334,71.8,468.0,7.915
toledo,2019-05-01,62.75,,629.25,44.4,388.6666666666667,7.87
toledo,2019-06-01,43.300000000000004,,518.0,34.56666666666667,370.0,7.655
toledo,2019-07-01,144.0,,941.0,73.0,567.0,7.885
toledo,2019-08-01,93.94999999999999,,762.26,65.56666666666668,452.0,7.853333333333333
toledo,2019-09-01,114.0,,1100.0,109.0,646.0,8.09
toledo,2019-10-01,40.8,,546.0,43.0,370.0,7.67
toledo,2019-11-01,139.0,,1078.0,88.95,631.0,8.03
toledo,2019-12-01,,,644.0,,,8.01
toledo,2020-01-01,86.5,,924.0,79.3,568.0,8.16
toledo,2020-02-01,74.1,,789.5,71.6,512.0,8.04
toledo,2020-03-01,247.0,,1275.0,65.3,746.0,7.96
toledo,2021-06-01,,,587.8333333333334,,,8.236666666666666
toledo,2021-07-01,,,463.85714285714283,,,7.78
toledo,2021-08-01,,,479.875,,,8.215
toledo,2021-09-01,,,646.1999999999999,,,8.573333333333332
toledo,2021-11-01,,0.0445,,,,
